month,series_id,name,code,unit,value
2012-07,282,人力僱用數量,PMI0019,,50.5
2012-08,282,人力僱用數量,PMI0019,,49
2012-09,282,人力僱用數量,PMI0019,,50.9
2012-10,282,人力僱用數量,PMI0019,,50.9
2012-11,282,人力僱用數量,PMI0019,,49.9
2012-12,282,人力僱用數量,PMI0019,,53.3
2013-01,282,人力僱用數量,PMI0019,,54.8
2013-02,282,人力僱用數量,PMI0019,,51.6
2013-03,282,人力僱用數量,PMI0019,,57.2
2013-04,282,人力僱用數量,PMI0019,,54.6
2013-05,282,人力僱用數量,PMI0019,,54.2
2013-06,282,人力僱用數量,PMI0019,,56.6
2013-07,282,人力僱用數量,PMI0019,,54.3
2013-08,282,人力僱用數量,PMI0019,,52.6
2013-09,282,人力僱用數量,PMI0019,,54.5
2013-10,282,人力僱用數量,PMI0019,,52.5
2013-11,282,人力僱用數量,PMI0019,,53.7
2013-12,282,人力僱用數量,PMI0019,,53.6
2014-01,282,人力僱用數量,PMI0019,,51.7
2014-02,282,人力僱用數量,PMI0019,,52
2014-03,282,人力僱用數量,PMI0019,,60.4
2014-04,282,人力僱用數量,PMI0019,,57.9
2014-05,282,人力僱用數量,PMI0019,,58.4
2014-06,282,人力僱用數量,PMI0019,,56.8
2014-07,282,人力僱用數量,PMI0019,,59.2
2014-08,282,人力僱用數量,PMI0019,,54.7
2014-09,282,人力僱用數量,PMI0019,,55.3
2014-10,282,人力僱用數量,PMI0019,,54.3
2014-11,282,人力僱用數量,PMI0019,,50.1
2014-12,282,人力僱用數量,PMI0019,,52.2
2015-01,282,人力僱用數量,PMI0019,,49.9
2015-02,282,人力僱用數量,PMI0019,,47.7
2015-03,282,人力僱用數量,PMI0019,,53.7
2015-04,282,人力僱用數量,PMI0019,,54.2
2015-05,282,人力僱用數量,PMI0019,,51
2015-06,282,人力僱用數量,PMI0019,,52
2015-07,282,人力僱用數量,PMI0019,,52.9
2015-08,282,人力僱用數量,PMI0019,,48.4
2015-09,282,人力僱用數量,PMI0019,,48.4
2015-10,282,人力僱用數量,PMI0019,,47.8
2015-11,282,人力僱用數量,PMI0019,,45.7
2015-12,282,人力僱用數量,PMI0019,,48.1
2016-01,282,人力僱用數量,PMI0019,,49.8
2016-02,282,人力僱用數量,PMI0019,,45.1
2016-03,282,人力僱用數量,PMI0019,,51.3
2016-04,282,人力僱用數量,PMI0019,,50
2016-05,282,人力僱用數量,PMI0019,,54.1
2016-06,282,人力僱用數量,PMI0019,,51.1
2016-07,282,人力僱用數量,PMI0019,,53.1
2016-08,282,人力僱用數量,PMI0019,,56.8
2016-09,282,人力僱用數量,PMI0019,,56.9
2016-10,282,人力僱用數量,PMI0019,,56.3
2016-11,282,人力僱用數量,PMI0019,,55.6
2016-12,282,人力僱用數量,PMI0019,,53.4
2017-01,282,人力僱用數量,PMI0019,,52.8
2017-02,282,人力僱用數量,PMI0019,,55.8
2017-03,282,人力僱用數量,PMI0019,,63.4
2017-04,282,人力僱用數量,PMI0019,,60
2017-05,282,人力僱用數量,PMI0019,,60.4
2017-06,282,人力僱用數量,PMI0019,,58.6
2017-07,282,人力僱用數量,PMI0019,,57.8
2017-08,282,人力僱用數量,PMI0019,,57.6
2017-09,282,人力僱用數量,PMI0019,,57.8
2017-10,282,人力僱用數量,PMI0019,,57.3
2017-11,282,人力僱用數量,PMI0019,,54.5
2017-12,282,人力僱用數量,PMI0019,,54.3
2018-01,282,人力僱用數量,PMI0019,,53.2
2018-02,282,人力僱用數量,PMI0019,,51.4
2018-03,282,人力僱用數量,PMI0019,,56.8
2018-04,282,人力僱用數量,PMI0019,,57.1
2018-05,282,人力僱用數量,PMI0019,,58.4
2018-06,282,人力僱用數量,PMI0019,,55.5
2018-07,282,人力僱用數量,PMI0019,,54.2
2018-08,282,人力僱用數量,PMI0019,,54.6
2018-09,282,人力僱用數量,PMI0019,,53.1
2018-10,282,人力僱用數量,PMI0019,,49.8
2018-11,282,人力僱用數量,PMI0019,,47.1
2018-12,282,人力僱用數量,PMI0019,,45.4
2019-01,282,人力僱用數量,PMI0019,,46.4
2019-02,282,人力僱用數量,PMI0019,,46.4
2019-03,282,人力僱用數量,PMI0019,,50.6
2019-04,282,人力僱用數量,PMI0019,,53.8
2019-05,282,人力僱用數量,PMI0019,,52
2019-06,282,人力僱用數量,PMI0019,,49.8
2019-07,282,人力僱用數量,PMI0019,,51.4
2019-08,282,人力僱用數量,PMI0019,,49.2
2019-09,282,人力僱用數量,PMI0019,,49.9
2019-10,282,人力僱用數量,PMI0019,,50.5
2019-11,282,人力僱用數量,PMI0019,,53.3
2019-12,282,人力僱用數量,PMI0019,,52.6
2020-01,282,人力僱用數量,PMI0019,,49.3
2020-02,282,人力僱用數量,PMI0019,,46.8
2020-03,282,人力僱用數量,PMI0019,,51.7
2020-04,282,人力僱用數量,PMI0019,,47.5
2020-05,282,人力僱用數量,PMI0019,,44.9
2020-06,282,人力僱用數量,PMI0019,,45.5
2020-07,282,人力僱用數量,PMI0019,,52.6
2020-08,282,人力僱用數量,PMI0019,,53.4
2020-09,282,人力僱用數量,PMI0019,,55.3
2020-10,282,人力僱用數量,PMI0019,,54.2
2020-11,282,人力僱用數量,PMI0019,,55.3
2020-12,282,人力僱用數量,PMI0019,,54.3
2021-01,282,人力僱用數量,PMI0019,,57.8
2021-02,282,人力僱用數量,PMI0019,,54.6
2021-03,282,人力僱用數量,PMI0019,,60.8
2021-04,282,人力僱用數量,PMI0019,,65.3
2021-05,282,人力僱用數量,PMI0019,,60.2
2021-06,282,人力僱用數量,PMI0019,,57.7
2021-07,282,人力僱用數量,PMI0019,,61.4
2021-08,282,人力僱用數量,PMI0019,,58.7
2021-09,282,人力僱用數量,PMI0019,,55
2021-10,282,人力僱用數量,PMI0019,,54.6
2021-11,282,人力僱用數量,PMI0019,,55.6
2021-12,282,人力僱用數量,PMI0019,,55.9
2022-01,282,人力僱用數量,PMI0019,,55.2
2022-02,282,人力僱用數量,PMI0019,,54
2022-03,282,人力僱用數量,PMI0019,,56.4
2022-04,282,人力僱用數量,PMI0019,,55.9
2022-05,282,人力僱用數量,PMI0019,,54.7
2022-06,282,人力僱用數量,PMI0019,,54
2022-07,282,人力僱用數量,PMI0019,,52.8
2022-08,282,人力僱用數量,PMI0019,,49.1
2022-09,282,人力僱用數量,PMI0019,,48.4
2022-10,282,人力僱用數量,PMI0019,,47.6
2022-11,282,人力僱用數量,PMI0019,,47.3
2022-12,282,人力僱用數量,PMI0019,,46.3
2023-01,282,人力僱用數量,PMI0019,,43.7
2023-02,282,人力僱用數量,PMI0019,,46.9
2023-03,282,人力僱用數量,PMI0019,,47.9
2023-04,282,人力僱用數量,PMI0019,,48.9
2023-05,282,人力僱用數量,PMI0019,,47.7
2023-06,282,人力僱用數量,PMI0019,,48.3
2023-07,282,人力僱用數量,PMI0019,,48.9
2023-08,282,人力僱用數量,PMI0019,,46.1
2023-09,282,人力僱用數量,PMI0019,,46.4
2023-10,282,人力僱用數量,PMI0019,,47.5
2023-11,282,人力僱用數量,PMI0019,,47
2023-12,282,人力僱用數量,PMI0019,,47.1
2024-01,282,人力僱用數量,PMI0019,,47.5
2024-02,282,人力僱用數量,PMI0019,,45.3
2024-03,282,人力僱用數量,PMI0019,,50.7
2024-04,282,人力僱用數量,PMI0019,,51.7
2024-05,282,人力僱用數量,PMI0019,,51.8
2024-06,282,人力僱用數量,PMI0019,,52.8
2024-07,282,人力僱用數量,PMI0019,,54
2024-08,282,人力僱用數量,PMI0019,,54.3
2024-09,282,人力僱用數量,PMI0019,,49.9
2024-10,282,人力僱用數量,PMI0019,,50.9
2024-11,282,人力僱用數量,PMI0019,,48.9
2024-12,282,人力僱用數量,PMI0019,,49.9
2025-01,282,人力僱用數量,PMI0019,,48.7
2025-02,282,人力僱用數量,PMI0019,,51.3
2025-03,282,人力僱用數量,PMI0019,,52.6
2025-04,282,人力僱用數量,PMI0019,,48.3
2025-05,282,人力僱用數量,PMI0019,,50.5
2025-06,282,人力僱用數量,PMI0019,,49.4
2025-07,282,人力僱用數量,PMI0019,,49.7
2025-08,282,人力僱用數量,PMI0019,,49.6
2025-09,282,人力僱用數量,PMI0019,,46.3
2025-10,282,人力僱用數量,PMI0019,,46.8
2025-11,282,人力僱用數量,PMI0019,,50.7
2025-12,282,人力僱用數量,PMI0019,,49.8
2026-01,282,人力僱用數量,PMI0019,,52.1
2026-02,282,人力僱用數量,PMI0019,,50.3
2026-03,282,人力僱用數量,PMI0019,,52.1
2026-04,282,人力僱用數量,PMI0019,,57.4
2026-05,282,人力僱用數量,PMI0019,,54.1
2026-06,282,人力僱用數量,PMI0019,,57
2026-07,282,人力僱用數量,PMI0019,,54.4
2026-08,282,人力僱用數量,PMI0019,,57.2
2026-09,282,人力僱用數量,PMI0019,,55.9
2012-07,58,人力僱用數量(季調值),PMI0004,(%),48.5
2012-08,58,人力僱用數量(季調值),PMI0004,(%),49.7
2012-09,58,人力僱用數量(季調值),PMI0004,(%),50.5
2012-10,58,人力僱用數量(季調值),PMI0004,(%),51.6
2012-11,58,人力僱用數量(季調值),PMI0004,(%),52.8
2012-12,58,人力僱用數量(季調值),PMI0004,(%),53.9
2013-01,58,人力僱用數量(季調值),PMI0004,(%),57.8
2013-02,58,人力僱用數量(季調值),PMI0004,(%),55.4
2013-03,58,人力僱用數量(季調值),PMI0004,(%),54
2013-04,58,人力僱用數量(季調值),PMI0004,(%),52.7
2013-05,58,人力僱用數量(季調值),PMI0004,(%),52.3
2013-06,58,人力僱用數量(季調值),PMI0004,(%),55.5
2013-07,58,人力僱用數量(季調值),PMI0004,(%),52.2
2013-08,58,人力僱用數量(季調值),PMI0004,(%),53.2
2013-09,58,人力僱用數量(季調值),PMI0004,(%),54
2013-10,58,人力僱用數量(季調值),PMI0004,(%),53.1
2013-11,58,人力僱用數量(季調值),PMI0004,(%),56.7
2013-12,58,人力僱用數量(季調值),PMI0004,(%),54.4
2014-01,58,人力僱用數量(季調值),PMI0004,(%),55.2
2014-02,58,人力僱用數量(季調值),PMI0004,(%),54.6
2014-03,58,人力僱用數量(季調值),PMI0004,(%),55.9
2014-04,58,人力僱用數量(季調值),PMI0004,(%),56
2014-05,58,人力僱用數量(季調值),PMI0004,(%),56.2
2014-06,58,人力僱用數量(季調值),PMI0004,(%),55.8
2014-07,58,人力僱用數量(季調值),PMI0004,(%),57
2014-08,58,人力僱用數量(季調值),PMI0004,(%),55.1
2014-09,58,人力僱用數量(季調值),PMI0004,(%),54.7
2014-10,58,人力僱用數量(季調值),PMI0004,(%),54.8
2014-11,58,人力僱用數量(季調值),PMI0004,(%),52.7
2014-12,58,人力僱用數量(季調值),PMI0004,(%),53.2
2015-01,58,人力僱用數量(季調值),PMI0004,(%),51.7
2015-02,58,人力僱用數量(季調值),PMI0004,(%),51.4
2015-03,58,人力僱用數量(季調值),PMI0004,(%),51.4
2015-04,58,人力僱用數量(季調值),PMI0004,(%),52.4
2015-05,58,人力僱用數量(季調值),PMI0004,(%),48.9
2015-06,58,人力僱用數量(季調值),PMI0004,(%),51.1
2015-07,58,人力僱用數量(季調值),PMI0004,(%),51.2
2015-08,58,人力僱用數量(季調值),PMI0004,(%),48.4
2015-09,58,人力僱用數量(季調值),PMI0004,(%),47.7
2015-10,58,人力僱用數量(季調值),PMI0004,(%),48.1
2015-11,58,人力僱用數量(季調值),PMI0004,(%),47.9
2015-12,58,人力僱用數量(季調值),PMI0004,(%),49.5
2016-01,58,人力僱用數量(季調值),PMI0004,(%),53.2
2016-02,58,人力僱用數量(季調值),PMI0004,(%),48.7
2016-03,58,人力僱用數量(季調值),PMI0004,(%),48.6
2016-04,58,人力僱用數量(季調值),PMI0004,(%),48.2
2016-05,58,人力僱用數量(季調值),PMI0004,(%),51.6
2016-06,58,人力僱用數量(季調值),PMI0004,(%),50.1
2016-07,58,人力僱用數量(季調值),PMI0004,(%),51.5
2016-08,58,人力僱用數量(季調值),PMI0004,(%),56.4
2016-09,58,人力僱用數量(季調值),PMI0004,(%),55.9
2016-10,58,人力僱用數量(季調值),PMI0004,(%),56.5
2016-11,58,人力僱用數量(季調值),PMI0004,(%),58.3
2016-12,58,人力僱用數量(季調值),PMI0004,(%),55.9
2017-01,58,人力僱用數量(季調值),PMI0004,(%),57
2017-02,58,人力僱用數量(季調值),PMI0004,(%),58.7
2017-03,58,人力僱用數量(季調值),PMI0004,(%),59
2017-04,58,人力僱用數量(季調值),PMI0004,(%),57.7
2017-05,58,人力僱用數量(季調值),PMI0004,(%),57.3
2017-06,58,人力僱用數量(季調值),PMI0004,(%),57.4
2017-07,58,人力僱用數量(季調值),PMI0004,(%),56.4
2017-08,58,人力僱用數量(季調值),PMI0004,(%),56.8
2017-09,58,人力僱用數量(季調值),PMI0004,(%),56.7
2017-10,58,人力僱用數量(季調值),PMI0004,(%),57.5
2017-11,58,人力僱用數量(季調值),PMI0004,(%),57.1
2017-12,58,人力僱用數量(季調值),PMI0004,(%),57.1
2018-01,58,人力僱用數量(季調值),PMI0004,(%),55.8
2018-02,58,人力僱用數量(季調值),PMI0004,(%),55.2
2018-03,58,人力僱用數量(季調值),PMI0004,(%),55.1
2018-04,58,人力僱用數量(季調值),PMI0004,(%),54.8
2018-05,58,人力僱用數量(季調值),PMI0004,(%),55.2
2018-06,58,人力僱用數量(季調值),PMI0004,(%),54.3
2018-07,58,人力僱用數量(季調值),PMI0004,(%),53.1
2018-08,58,人力僱用數量(季調值),PMI0004,(%),53.5
2018-09,58,人力僱用數量(季調值),PMI0004,(%),52
2018-10,58,人力僱用數量(季調值),PMI0004,(%),50.1
2018-11,58,人力僱用數量(季調值),PMI0004,(%),49.4
2018-12,58,人力僱用數量(季調值),PMI0004,(%),48
2019-01,58,人力僱用數量(季調值),PMI0004,(%),50
2019-02,58,人力僱用數量(季調值),PMI0004,(%),50
2019-03,58,人力僱用數量(季調值),PMI0004,(%),48.2
2019-04,58,人力僱用數量(季調值),PMI0004,(%),51.5
2019-05,58,人力僱用數量(季調值),PMI0004,(%),49.2
2019-06,58,人力僱用數量(季調值),PMI0004,(%),48.7
2019-07,58,人力僱用數量(季調值),PMI0004,(%),50.1
2019-08,58,人力僱用數量(季調值),PMI0004,(%),48.3
2019-09,58,人力僱用數量(季調值),PMI0004,(%),48.8
2019-10,58,人力僱用數量(季調值),PMI0004,(%),50.6
2019-11,58,人力僱用數量(季調值),PMI0004,(%),55.6
2019-12,58,人力僱用數量(季調值),PMI0004,(%),55
2020-01,58,人力僱用數量(季調值),PMI0004,(%),52.8
2020-02,58,人力僱用數量(季調值),PMI0004,(%),50.9
2020-03,58,人力僱用數量(季調值),PMI0004,(%),49.2
2020-04,58,人力僱用數量(季調值),PMI0004,(%),46.5
2020-05,58,人力僱用數量(季調值),PMI0004,(%),43.3
2020-06,58,人力僱用數量(季調值),PMI0004,(%),45.2
2020-07,58,人力僱用數量(季調值),PMI0004,(%),51.71609134
2020-08,58,人力僱用數量(季調值),PMI0004,(%),52.5
2020-09,58,人力僱用數量(季調值),PMI0004,(%),54
2020-10,58,人力僱用數量(季調值),PMI0004,(%),53.89018098
2020-11,58,人力僱用數量(季調值),PMI0004,(%),55.8
2020-12,58,人力僱用數量(季調值),PMI0004,(%),54.9
2021-01,58,人力僱用數量(季調值),PMI0004,(%),58.5
2021-02,58,人力僱用數量(季調值),PMI0004,(%),58
2021-03,58,人力僱用數量(季調值),PMI0004,(%),59
2021-04,58,人力僱用數量(季調值),PMI0004,(%),63.8
2021-05,58,人力僱用數量(季調值),PMI0004,(%),59.62838344
2021-06,58,人力僱用數量(季調值),PMI0004,(%),59.1
2021-07,58,人力僱用數量(季調值),PMI0004,(%),60.2
2021-08,58,人力僱用數量(季調值),PMI0004,(%),58.3
2021-09,58,人力僱用數量(季調值),PMI0004,(%),54.5
2021-10,58,人力僱用數量(季調值),PMI0004,(%),55.2
2021-11,58,人力僱用數量(季調值),PMI0004,(%),56.2
2021-12,58,人力僱用數量(季調值),PMI0004,(%),57.3
2022-01,58,人力僱用數量(季調值),PMI0004,(%),56.3
2022-02,58,人力僱用數量(季調值),PMI0004,(%),56.5
2022-03,58,人力僱用數量(季調值),PMI0004,(%),54.1
2022-04,58,人力僱用數量(季調值),PMI0004,(%),54.6
2022-05,58,人力僱用數量(季調值),PMI0004,(%),54.2
2022-06,58,人力僱用數量(季調值),PMI0004,(%),55.1
2022-07,58,人力僱用數量(季調值),PMI0004,(%),51.5
2022-08,58,人力僱用數量(季調值),PMI0004,(%),48.8
2022-09,58,人力僱用數量(季調值),PMI0004,(%),49.1
2022-10,58,人力僱用數量(季調值),PMI0004,(%),48.9
2022-11,58,人力僱用數量(季調值),PMI0004,(%),48.3
2022-12,58,人力僱用數量(季調值),PMI0004,(%),48.4
2023-01,58,人力僱用數量(季調值),PMI0004,(%),45.6
2023-02,58,人力僱用數量(季調值),PMI0004,(%),48.9
2023-03,58,人力僱用數量(季調值),PMI0004,(%),45.5
2023-04,58,人力僱用數量(季調值),PMI0004,(%),46.8
2023-05,58,人力僱用數量(季調值),PMI0004,(%),46.4
2023-06,58,人力僱用數量(季調值),PMI0004,(%),47.2
2023-07,58,人力僱用數量(季調值),PMI0004,(%),47.4
2023-08,58,人力僱用數量(季調值),PMI0004,(%),46.5
2023-09,58,人力僱用數量(季調值),PMI0004,(%),47.1
2023-10,58,人力僱用數量(季調值),PMI0004,(%),48.6
2023-11,58,人力僱用數量(季調值),PMI0004,(%),47.9
2023-12,58,人力僱用數量(季調值),PMI0004,(%),47.8
2024-01,58,人力僱用數量(季調值),PMI0004,(%),48.3
2024-02,58,人力僱用數量(季調值),PMI0004,(%),47.7
2024-03,58,人力僱用數量(季調值),PMI0004,(%),48.9
2024-04,58,人力僱用數量(季調值),PMI0004,(%),49.3
2024-05,58,人力僱用數量(季調值),PMI0004,(%),50.3
2024-06,58,人力僱用數量(季調值),PMI0004,(%),51.2
2024-07,58,人力僱用數量(季調值),PMI0004,(%),51.9
2024-08,58,人力僱用數量(季調值),PMI0004,(%),54.4
2024-09,58,人力僱用數量(季調值),PMI0004,(%),51
2024-10,58,人力僱用數量(季調值),PMI0004,(%),51.7
2024-11,58,人力僱用數量(季調值),PMI0004,(%),50.3
2024-12,58,人力僱用數量(季調值),PMI0004,(%),51.1
2025-01,58,人力僱用數量(季調值),PMI0004,(%),50.8
2025-02,58,人力僱用數量(季調值),PMI0004,(%),52
2025-03,58,人力僱用數量(季調值),PMI0004,(%),51
2025-04,58,人力僱用數量(季調值),PMI0004,(%),46.6
2025-05,58,人力僱用數量(季調值),PMI0004,(%),49.3
2025-06,58,人力僱用數量(季調值),PMI0004,(%),48.2
2025-07,58,人力僱用數量(季調值),PMI0004,(%),47.9
2025-08,58,人力僱用數量(季調值),PMI0004,(%),49.6
2025-09,58,人力僱用數量(季調值),PMI0004,(%),47.5
2025-10,58,人力僱用數量(季調值),PMI0004,(%),47.5
2025-11,58,人力僱用數量(季調值),PMI0004,(%),52.2
2025-12,58,人力僱用數量(季調值),PMI0004,(%),50.5
2026-01,58,人力僱用數量(季調值),PMI0004,(%),51.9
2026-02,58,人力僱用數量(季調值),PMI0004,(%),52.8
2026-03,58,人力僱用數量(季調值),PMI0004,(%),51.1
2026-04,58,人力僱用數量(季調值),PMI0004,(%),54.6
2026-05,58,人力僱用數量(季調值),PMI0004,(%),52.7
2026-06,58,人力僱用數量(季調值),PMI0004,(%),55.4
2026-07,58,人力僱用數量(季調值),PMI0004,(%),53
2026-08,58,人力僱用數量(季調值),PMI0004,(%),56
2026-09,58,人力僱用數量(季調值),PMI0004,(%),57.6
2012-07,59,供應商交貨時間,PMI0005,(%),49.1
2012-08,59,供應商交貨時間,PMI0005,(%),44.3
2012-09,59,供應商交貨時間,PMI0005,(%),46.6
2012-10,59,供應商交貨時間,PMI0005,(%),46.8
2012-11,59,供應商交貨時間,PMI0005,(%),47.9
2012-12,59,供應商交貨時間,PMI0005,(%),48.2
2013-01,59,供應商交貨時間,PMI0005,(%),51.5
2013-02,59,供應商交貨時間,PMI0005,(%),50
2013-03,59,供應商交貨時間,PMI0005,(%),53.9
2013-04,59,供應商交貨時間,PMI0005,(%),53.3
2013-05,59,供應商交貨時間,PMI0005,(%),54.9
2013-06,59,供應商交貨時間,PMI0005,(%),50.1
2013-07,59,供應商交貨時間,PMI0005,(%),48.3
2013-08,59,供應商交貨時間,PMI0005,(%),49.6
2013-09,59,供應商交貨時間,PMI0005,(%),52.6
2013-10,59,供應商交貨時間,PMI0005,(%),51.9
2013-11,59,供應商交貨時間,PMI0005,(%),50.8
2013-12,59,供應商交貨時間,PMI0005,(%),52.1
2014-01,59,供應商交貨時間,PMI0005,(%),52.9
2014-02,59,供應商交貨時間,PMI0005,(%),54.4
2014-03,59,供應商交貨時間,PMI0005,(%),54.2
2014-04,59,供應商交貨時間,PMI0005,(%),56.5
2014-05,59,供應商交貨時間,PMI0005,(%),56.5
2014-06,59,供應商交貨時間,PMI0005,(%),57.4
2014-07,59,供應商交貨時間,PMI0005,(%),54.2
2014-08,59,供應商交貨時間,PMI0005,(%),55.8
2014-09,59,供應商交貨時間,PMI0005,(%),52.2
2014-10,59,供應商交貨時間,PMI0005,(%),48.8
2014-11,59,供應商交貨時間,PMI0005,(%),48.5
2014-12,59,供應商交貨時間,PMI0005,(%),48.3
2015-01,59,供應商交貨時間,PMI0005,(%),50.8
2015-02,59,供應商交貨時間,PMI0005,(%),52.3
2015-03,59,供應商交貨時間,PMI0005,(%),52.4
2015-04,59,供應商交貨時間,PMI0005,(%),49.1
2015-05,59,供應商交貨時間,PMI0005,(%),48.4
2015-06,59,供應商交貨時間,PMI0005,(%),49.3
2015-07,59,供應商交貨時間,PMI0005,(%),49
2015-08,59,供應商交貨時間,PMI0005,(%),45.5
2015-09,59,供應商交貨時間,PMI0005,(%),48
2015-10,59,供應商交貨時間,PMI0005,(%),47.9
2015-11,59,供應商交貨時間,PMI0005,(%),42.8
2015-12,59,供應商交貨時間,PMI0005,(%),46.1
2016-01,59,供應商交貨時間,PMI0005,(%),51.1
2016-02,59,供應商交貨時間,PMI0005,(%),51.1
2016-03,59,供應商交貨時間,PMI0005,(%),49.7
2016-04,59,供應商交貨時間,PMI0005,(%),52.3
2016-05,59,供應商交貨時間,PMI0005,(%),51.8
2016-06,59,供應商交貨時間,PMI0005,(%),52.2
2016-07,59,供應商交貨時間,PMI0005,(%),52.4
2016-08,59,供應商交貨時間,PMI0005,(%),52.7
2016-09,59,供應商交貨時間,PMI0005,(%),54
2016-10,59,供應商交貨時間,PMI0005,(%),52.7
2016-11,59,供應商交貨時間,PMI0005,(%),56
2016-12,59,供應商交貨時間,PMI0005,(%),56.1
2017-01,59,供應商交貨時間,PMI0005,(%),60.6
2017-02,59,供應商交貨時間,PMI0005,(%),60.4
2017-03,59,供應商交貨時間,PMI0005,(%),58.9
2017-04,59,供應商交貨時間,PMI0005,(%),59.7
2017-05,59,供應商交貨時間,PMI0005,(%),60.3
2017-06,59,供應商交貨時間,PMI0005,(%),59
2017-07,59,供應商交貨時間,PMI0005,(%),58.5
2017-08,59,供應商交貨時間,PMI0005,(%),60.9
2017-09,59,供應商交貨時間,PMI0005,(%),60.1
2017-10,59,供應商交貨時間,PMI0005,(%),59.7
2017-11,59,供應商交貨時間,PMI0005,(%),61
2017-12,59,供應商交貨時間,PMI0005,(%),60.4
2018-01,59,供應商交貨時間,PMI0005,(%),61.6
2018-02,59,供應商交貨時間,PMI0005,(%),62.5
2018-03,59,供應商交貨時間,PMI0005,(%),62.7
2018-04,59,供應商交貨時間,PMI0005,(%),62.2
2018-05,59,供應商交貨時間,PMI0005,(%),59.2
2018-06,59,供應商交貨時間,PMI0005,(%),60.2
2018-07,59,供應商交貨時間,PMI0005,(%),57.2
2018-08,59,供應商交貨時間,PMI0005,(%),54.7
2018-09,59,供應商交貨時間,PMI0005,(%),54.8
2018-10,59,供應商交貨時間,PMI0005,(%),51.6
2018-11,59,供應商交貨時間,PMI0005,(%),45.9
2018-12,59,供應商交貨時間,PMI0005,(%),45
2019-01,59,供應商交貨時間,PMI0005,(%),46.3
2019-02,59,供應商交貨時間,PMI0005,(%),48.1
2019-03,59,供應商交貨時間,PMI0005,(%),47.7
2019-04,59,供應商交貨時間,PMI0005,(%),50.5
2019-05,59,供應商交貨時間,PMI0005,(%),48.3
2019-06,59,供應商交貨時間,PMI0005,(%),47.9
2019-07,59,供應商交貨時間,PMI0005,(%),45.8
2019-08,59,供應商交貨時間,PMI0005,(%),46.1
2019-09,59,供應商交貨時間,PMI0005,(%),48
2019-10,59,供應商交貨時間,PMI0005,(%),47.1
2019-11,59,供應商交貨時間,PMI0005,(%),50.5
2019-12,59,供應商交貨時間,PMI0005,(%),52.3
2020-01,59,供應商交貨時間,PMI0005,(%),57.1
2020-02,59,供應商交貨時間,PMI0005,(%),63.1
2020-03,59,供應商交貨時間,PMI0005,(%),65.9
2020-04,59,供應商交貨時間,PMI0005,(%),63.8
2020-05,59,供應商交貨時間,PMI0005,(%),56.7
2020-06,59,供應商交貨時間,PMI0005,(%),53.4
2020-07,59,供應商交貨時間,PMI0005,(%),54.2
2020-08,59,供應商交貨時間,PMI0005,(%),55.1
2020-09,59,供應商交貨時間,PMI0005,(%),58.7
2020-10,59,供應商交貨時間,PMI0005,(%),59.4
2020-11,59,供應商交貨時間,PMI0005,(%),63.5
2020-12,59,供應商交貨時間,PMI0005,(%),65.1
2021-01,59,供應商交貨時間,PMI0005,(%),73.3
2021-02,59,供應商交貨時間,PMI0005,(%),73.3
2021-03,59,供應商交貨時間,PMI0005,(%),74.7
2021-04,59,供應商交貨時間,PMI0005,(%),74.8
2021-05,59,供應商交貨時間,PMI0005,(%),74.8
2021-06,59,供應商交貨時間,PMI0005,(%),71.6
2021-07,59,供應商交貨時間,PMI0005,(%),68.5
2021-08,59,供應商交貨時間,PMI0005,(%),69.6
2021-09,59,供應商交貨時間,PMI0005,(%),69.1
2021-10,59,供應商交貨時間,PMI0005,(%),65.7
2021-11,59,供應商交貨時間,PMI0005,(%),64.4
2021-12,59,供應商交貨時間,PMI0005,(%),65
2022-01,59,供應商交貨時間,PMI0005,(%),65.6
2022-02,59,供應商交貨時間,PMI0005,(%),61.7
2022-03,59,供應商交貨時間,PMI0005,(%),65.6
2022-04,59,供應商交貨時間,PMI0005,(%),67.4
2022-05,59,供應商交貨時間,PMI0005,(%),61.7
2022-06,59,供應商交貨時間,PMI0005,(%),54.8
2022-07,59,供應商交貨時間,PMI0005,(%),49.3
2022-08,59,供應商交貨時間,PMI0005,(%),45.6
2022-09,59,供應商交貨時間,PMI0005,(%),44.2
2022-10,59,供應商交貨時間,PMI0005,(%),44.3
2022-11,59,供應商交貨時間,PMI0005,(%),42.7
2022-12,59,供應商交貨時間,PMI0005,(%),44.1
2023-01,59,供應商交貨時間,PMI0005,(%),46.4
2023-02,59,供應商交貨時間,PMI0005,(%),44.5
2023-03,59,供應商交貨時間,PMI0005,(%),44.8
2023-04,59,供應商交貨時間,PMI0005,(%),42.2
2023-05,59,供應商交貨時間,PMI0005,(%),43.5
2023-06,59,供應商交貨時間,PMI0005,(%),44.1
2023-07,59,供應商交貨時間,PMI0005,(%),43.8
2023-08,59,供應商交貨時間,PMI0005,(%),44.2
2023-09,59,供應商交貨時間,PMI0005,(%),43.8
2023-10,59,供應商交貨時間,PMI0005,(%),46.2
2023-11,59,供應商交貨時間,PMI0005,(%),46.7
2023-12,59,供應商交貨時間,PMI0005,(%),46.8
2024-01,59,供應商交貨時間,PMI0005,(%),48.4
2024-02,59,供應商交貨時間,PMI0005,(%),47.8
2024-03,59,供應商交貨時間,PMI0005,(%),49.4
2024-04,59,供應商交貨時間,PMI0005,(%),50.3
2024-05,59,供應商交貨時間,PMI0005,(%),52.5
2024-06,59,供應商交貨時間,PMI0005,(%),52.5
2024-07,59,供應商交貨時間,PMI0005,(%),52.1
2024-08,59,供應商交貨時間,PMI0005,(%),49.5
2024-09,59,供應商交貨時間,PMI0005,(%),49.8
2024-10,59,供應商交貨時間,PMI0005,(%),48.8
2024-11,59,供應商交貨時間,PMI0005,(%),48.3
2024-12,59,供應商交貨時間,PMI0005,(%),52.5
2025-01,59,供應商交貨時間,PMI0005,(%),51.7
2025-02,59,供應商交貨時間,PMI0005,(%),50.8
2025-03,59,供應商交貨時間,PMI0005,(%),53.4
2025-04,59,供應商交貨時間,PMI0005,(%),52.7
2025-05,59,供應商交貨時間,PMI0005,(%),52.4
2025-06,59,供應商交貨時間,PMI0005,(%),55.1
2025-07,59,供應商交貨時間,PMI0005,(%),53
2025-08,59,供應商交貨時間,PMI0005,(%),50.1
2025-09,59,供應商交貨時間,PMI0005,(%),50.1
2025-10,59,供應商交貨時間,PMI0005,(%),52.6
2025-11,59,供應商交貨時間,PMI0005,(%),54.4
2025-12,59,供應商交貨時間,PMI0005,(%),57.6
2026-01,59,供應商交貨時間,PMI0005,(%),59.7
2026-02,59,供應商交貨時間,PMI0005,(%),59.5
2026-03,59,供應商交貨時間,PMI0005,(%),66.3
2026-04,59,供應商交貨時間,PMI0005,(%),70.6
2026-05,59,供應商交貨時間,PMI0005,(%),71.2
2026-06,59,供應商交貨時間,PMI0005,(%),66.9
2026-07,59,供應商交貨時間,PMI0005,(%),67.6
2026-08,59,供應商交貨時間,PMI0005,(%),66.6
2026-09,59,供應商交貨時間,PMI0005,(%),68.6
2012-07,62,原物料價格,PMI0008,(%),41.9
2012-08,62,原物料價格,PMI0008,(%),54.1
2012-09,62,原物料價格,PMI0008,(%),54.3
2012-10,62,原物料價格,PMI0008,(%),49.8
2012-11,62,原物料價格,PMI0008,(%),46.3
2012-12,62,原物料價格,PMI0008,(%),52.8
2013-01,62,原物料價格,PMI0008,(%),60
2013-02,62,原物料價格,PMI0008,(%),62.9
2013-03,62,原物料價格,PMI0008,(%),56.1
2013-04,62,原物料價格,PMI0008,(%),38.7
2013-05,62,原物料價格,PMI0008,(%),38.7
2013-06,62,原物料價格,PMI0008,(%),40.4
2013-07,62,原物料價格,PMI0008,(%),49.1
2013-08,62,原物料價格,PMI0008,(%),55.7
2013-09,62,原物料價格,PMI0008,(%),55.7
2013-10,62,原物料價格,PMI0008,(%),54
2013-11,62,原物料價格,PMI0008,(%),48.4
2013-12,62,原物料價格,PMI0008,(%),52.6
2014-01,62,原物料價格,PMI0008,(%),57.8
2014-02,62,原物料價格,PMI0008,(%),55.5
2014-03,62,原物料價格,PMI0008,(%),53.8
2014-04,62,原物料價格,PMI0008,(%),56.1
2014-05,62,原物料價格,PMI0008,(%),53.7
2014-06,62,原物料價格,PMI0008,(%),55.6
2014-07,62,原物料價格,PMI0008,(%),58
2014-08,62,原物料價格,PMI0008,(%),53.1
2014-09,62,原物料價格,PMI0008,(%),46.6
2014-10,62,原物料價格,PMI0008,(%),36.4
2014-11,62,原物料價格,PMI0008,(%),32
2014-12,62,原物料價格,PMI0008,(%),31.1
2015-01,62,原物料價格,PMI0008,(%),27.7
2015-02,62,原物料價格,PMI0008,(%),38.3
2015-03,62,原物料價格,PMI0008,(%),40.5
2015-04,62,原物料價格,PMI0008,(%),41.9
2015-05,62,原物料價格,PMI0008,(%),48.4
2015-06,62,原物料價格,PMI0008,(%),37.6
2015-07,62,原物料價格,PMI0008,(%),33.4
2015-08,62,原物料價格,PMI0008,(%),30.5
2015-09,62,原物料價格,PMI0008,(%),32.1
2015-10,62,原物料價格,PMI0008,(%),37.8
2015-11,62,原物料價格,PMI0008,(%),34.8
2015-12,62,原物料價格,PMI0008,(%),28.3
2016-01,62,原物料價格,PMI0008,(%),30.3
2016-02,62,原物料價格,PMI0008,(%),44.3
2016-03,62,原物料價格,PMI0008,(%),57
2016-04,62,原物料價格,PMI0008,(%),59.9
2016-05,62,原物料價格,PMI0008,(%),57.6
2016-06,62,原物料價格,PMI0008,(%),54.3
2016-07,62,原物料價格,PMI0008,(%),57
2016-08,62,原物料價格,PMI0008,(%),57.8
2016-09,62,原物料價格,PMI0008,(%),52.8
2016-10,62,原物料價格,PMI0008,(%),59.3
2016-11,62,原物料價格,PMI0008,(%),68.2
2016-12,62,原物料價格,PMI0008,(%),74.1
2017-01,62,原物料價格,PMI0008,(%),76.1
2017-02,62,原物料價格,PMI0008,(%),76.4
2017-03,62,原物料價格,PMI0008,(%),74.3
2017-04,62,原物料價格,PMI0008,(%),66.8
2017-05,62,原物料價格,PMI0008,(%),58.9
2017-06,62,原物料價格,PMI0008,(%),58.2
2017-07,62,原物料價格,PMI0008,(%),63.2
2017-08,62,原物料價格,PMI0008,(%),73
2017-09,62,原物料價格,PMI0008,(%),75.3
2017-10,62,原物料價格,PMI0008,(%),72.5
2017-11,62,原物料價格,PMI0008,(%),76.8
2017-12,62,原物料價格,PMI0008,(%),73.2
2018-01,62,原物料價格,PMI0008,(%),79.2
2018-02,62,原物料價格,PMI0008,(%),74.9
2018-03,62,原物料價格,PMI0008,(%),75.4
2018-04,62,原物料價格,PMI0008,(%),71.7
2018-05,62,原物料價格,PMI0008,(%),76.3
2018-06,62,原物料價格,PMI0008,(%),76.1
2018-07,62,原物料價格,PMI0008,(%),68.6
2018-08,62,原物料價格,PMI0008,(%),65.6
2018-09,62,原物料價格,PMI0008,(%),61.4
2018-10,62,原物料價格,PMI0008,(%),55.3
2018-11,62,原物料價格,PMI0008,(%),44.6
2018-12,62,原物料價格,PMI0008,(%),40.1
2019-01,62,原物料價格,PMI0008,(%),46.1
2019-02,62,原物料價格,PMI0008,(%),52.1
2019-03,62,原物料價格,PMI0008,(%),55.2
2019-04,62,原物料價格,PMI0008,(%),50.7
2019-05,62,原物料價格,PMI0008,(%),43.7
2019-06,62,原物料價格,PMI0008,(%),40.7
2019-07,62,原物料價格,PMI0008,(%),49
2019-08,62,原物料價格,PMI0008,(%),46.7
2019-09,62,原物料價格,PMI0008,(%),50.2
2019-10,62,原物料價格,PMI0008,(%),46.4
2019-11,62,原物料價格,PMI0008,(%),44.1
2019-12,62,原物料價格,PMI0008,(%),47.8
2020-01,62,原物料價格,PMI0008,(%),58.5
2020-02,62,原物料價格,PMI0008,(%),52.4
2020-03,62,原物料價格,PMI0008,(%),50.5
2020-04,62,原物料價格,PMI0008,(%),47.7
2020-05,62,原物料價格,PMI0008,(%),47
2020-06,62,原物料價格,PMI0008,(%),57.9
2020-07,62,原物料價格,PMI0008,(%),57.2
2020-08,62,原物料價格,PMI0008,(%),58.9
2020-09,62,原物料價格,PMI0008,(%),67.6
2020-10,62,原物料價格,PMI0008,(%),65.6
2020-11,62,原物料價格,PMI0008,(%),72.5
2020-12,62,原物料價格,PMI0008,(%),82.8
2021-01,62,原物料價格,PMI0008,(%),85.8
2021-02,62,原物料價格,PMI0008,(%),87.8
2021-03,62,原物料價格,PMI0008,(%),91.6
2021-04,62,原物料價格,PMI0008,(%),90.1
2021-05,62,原物料價格,PMI0008,(%),90.4
2021-06,62,原物料價格,PMI0008,(%),84
2021-07,62,原物料價格,PMI0008,(%),85.1
2021-08,62,原物料價格,PMI0008,(%),80.1
2021-09,62,原物料價格,PMI0008,(%),77.9
2021-10,62,原物料價格,PMI0008,(%),80.9
2021-11,62,原物料價格,PMI0008,(%),79
2021-12,62,原物料價格,PMI0008,(%),73.9
2022-01,62,原物料價格,PMI0008,(%),76.6
2022-02,62,原物料價格,PMI0008,(%),82.8
2022-03,62,原物料價格,PMI0008,(%),87.5
2022-04,62,原物料價格,PMI0008,(%),84.1
2022-05,62,原物料價格,PMI0008,(%),69.3
2022-06,62,原物料價格,PMI0008,(%),62.5
2022-07,62,原物料價格,PMI0008,(%),49.3
2022-08,62,原物料價格,PMI0008,(%),43.9
2022-09,62,原物料價格,PMI0008,(%),42.2
2022-10,62,原物料價格,PMI0008,(%),45.1
2022-11,62,原物料價格,PMI0008,(%),45.9
2022-12,62,原物料價格,PMI0008,(%),50.6
2023-01,62,原物料價格,PMI0008,(%),54.5
2023-02,62,原物料價格,PMI0008,(%),62.6
2023-03,62,原物料價格,PMI0008,(%),56.5
2023-04,62,原物料價格,PMI0008,(%),52
2023-05,62,原物料價格,PMI0008,(%),43.6
2023-06,62,原物料價格,PMI0008,(%),40.4
2023-07,62,原物料價格,PMI0008,(%),43.8
2023-08,62,原物料價格,PMI0008,(%),53.2
2023-09,62,原物料價格,PMI0008,(%),58.7
2023-10,62,原物料價格,PMI0008,(%),53.4
2023-11,62,原物料價格,PMI0008,(%),49
2023-12,62,原物料價格,PMI0008,(%),53.8
2024-01,62,原物料價格,PMI0008,(%),56.2
2024-02,62,原物料價格,PMI0008,(%),55.3
2024-03,62,原物料價格,PMI0008,(%),58.3
2024-04,62,原物料價格,PMI0008,(%),64.1
2024-05,62,原物料價格,PMI0008,(%),66.1
2024-06,62,原物料價格,PMI0008,(%),60.5
2024-07,62,原物料價格,PMI0008,(%),57.3
2024-08,62,原物料價格,PMI0008,(%),53.8
2024-09,62,原物料價格,PMI0008,(%),48
2024-10,62,原物料價格,PMI0008,(%),54
2024-11,62,原物料價格,PMI0008,(%),52.2
2024-12,62,原物料價格,PMI0008,(%),50.4
2025-01,62,原物料價格,PMI0008,(%),54.1
2025-02,62,原物料價格,PMI0008,(%),57.9
2025-03,62,原物料價格,PMI0008,(%),61.7
2025-04,62,原物料價格,PMI0008,(%),56.8
2025-05,62,原物料價格,PMI0008,(%),56.1
2025-06,62,原物料價格,PMI0008,(%),55.1
2025-07,62,原物料價格,PMI0008,(%),55.1
2025-08,62,原物料價格,PMI0008,(%),55.8
2025-09,62,原物料價格,PMI0008,(%),59.5
2025-10,62,原物料價格,PMI0008,(%),61.3
2025-11,62,原物料價格,PMI0008,(%),63.2
2025-12,62,原物料價格,PMI0008,(%),63.8
2026-01,62,原物料價格,PMI0008,(%),76.3
2026-02,62,原物料價格,PMI0008,(%),76.2
2026-03,62,原物料價格,PMI0008,(%),86
2026-04,62,原物料價格,PMI0008,(%),87.3
2026-05,62,原物料價格,PMI0008,(%),85.6
2026-06,62,原物料價格,PMI0008,(%),76.3
2026-07,62,原物料價格,PMI0008,(%),71
2026-08,62,原物料價格,PMI0008,(%),75.3
2026-09,62,原物料價格,PMI0008,(%),80.4
2012-07,60,存貨,PMI0006,(%),50.7
2012-08,60,存貨,PMI0006,(%),50
2012-09,60,存貨,PMI0006,(%),49
2012-10,60,存貨,PMI0006,(%),47.5
2012-11,60,存貨,PMI0006,(%),46.5
2012-12,60,存貨,PMI0006,(%),47.8
2013-01,60,存貨,PMI0006,(%),53
2013-02,60,存貨,PMI0006,(%),49.2
2013-03,60,存貨,PMI0006,(%),57.5
2013-04,60,存貨,PMI0006,(%),59.6
2013-05,60,存貨,PMI0006,(%),55.7
2013-06,60,存貨,PMI0006,(%),54.3
2013-07,60,存貨,PMI0006,(%),51.9
2013-08,60,存貨,PMI0006,(%),49.5
2013-09,60,存貨,PMI0006,(%),49.4
2013-10,60,存貨,PMI0006,(%),49.7
2013-11,60,存貨,PMI0006,(%),49.3
2013-12,60,存貨,PMI0006,(%),47.5
2014-01,60,存貨,PMI0006,(%),53.6
2014-02,60,存貨,PMI0006,(%),52.5
2014-03,60,存貨,PMI0006,(%),57.9
2014-04,60,存貨,PMI0006,(%),52.6
2014-05,60,存貨,PMI0006,(%),54.8
2014-06,60,存貨,PMI0006,(%),55.3
2014-07,60,存貨,PMI0006,(%),54.5
2014-08,60,存貨,PMI0006,(%),55.3
2014-09,60,存貨,PMI0006,(%),51.5
2014-10,60,存貨,PMI0006,(%),50.7
2014-11,60,存貨,PMI0006,(%),51.7
2014-12,60,存貨,PMI0006,(%),49.6
2015-01,60,存貨,PMI0006,(%),51.8
2015-02,60,存貨,PMI0006,(%),54.2
2015-03,60,存貨,PMI0006,(%),54.8
2015-04,60,存貨,PMI0006,(%),55.5
2015-05,60,存貨,PMI0006,(%),53.5
2015-06,60,存貨,PMI0006,(%),49.4
2015-07,60,存貨,PMI0006,(%),47.6
2015-08,60,存貨,PMI0006,(%),47.2
2015-09,60,存貨,PMI0006,(%),41.4
2015-10,60,存貨,PMI0006,(%),42.2
2015-11,60,存貨,PMI0006,(%),46.5
2015-12,60,存貨,PMI0006,(%),44.1
2016-01,60,存貨,PMI0006,(%),46.8
2016-02,60,存貨,PMI0006,(%),44.5
2016-03,60,存貨,PMI0006,(%),48.4
2016-04,60,存貨,PMI0006,(%),53.8
2016-05,60,存貨,PMI0006,(%),52.8
2016-06,60,存貨,PMI0006,(%),52.5
2016-07,60,存貨,PMI0006,(%),52.2
2016-08,60,存貨,PMI0006,(%),51
2016-09,60,存貨,PMI0006,(%),52.4
2016-10,60,存貨,PMI0006,(%),52.7
2016-11,60,存貨,PMI0006,(%),53.2
2016-12,60,存貨,PMI0006,(%),53.2
2017-01,60,存貨,PMI0006,(%),52.1
2017-02,60,存貨,PMI0006,(%),54.8
2017-03,60,存貨,PMI0006,(%),58.5
2017-04,60,存貨,PMI0006,(%),58.1
2017-05,60,存貨,PMI0006,(%),55.4
2017-06,60,存貨,PMI0006,(%),54.9
2017-07,60,存貨,PMI0006,(%),55.7
2017-08,60,存貨,PMI0006,(%),51.2
2017-09,60,存貨,PMI0006,(%),54.2
2017-10,60,存貨,PMI0006,(%),54.8
2017-11,60,存貨,PMI0006,(%),57
2017-12,60,存貨,PMI0006,(%),54.7
2018-01,60,存貨,PMI0006,(%),57.9
2018-02,60,存貨,PMI0006,(%),56.9
2018-03,60,存貨,PMI0006,(%),61.2
2018-04,60,存貨,PMI0006,(%),58.1
2018-05,60,存貨,PMI0006,(%),59.1
2018-06,60,存貨,PMI0006,(%),54.6
2018-07,60,存貨,PMI0006,(%),55.1
2018-08,60,存貨,PMI0006,(%),55.4
2018-09,60,存貨,PMI0006,(%),52.1
2018-10,60,存貨,PMI0006,(%),50
2018-11,60,存貨,PMI0006,(%),48
2018-12,60,存貨,PMI0006,(%),45.8
2019-01,60,存貨,PMI0006,(%),48
2019-02,60,存貨,PMI0006,(%),50.1
2019-03,60,存貨,PMI0006,(%),51.8
2019-04,60,存貨,PMI0006,(%),53.7
2019-05,60,存貨,PMI0006,(%),49.6
2019-06,60,存貨,PMI0006,(%),45.5
2019-07,60,存貨,PMI0006,(%),45.8
2019-08,60,存貨,PMI0006,(%),46.1
2019-09,60,存貨,PMI0006,(%),49.5
2019-10,60,存貨,PMI0006,(%),49.7
2019-11,60,存貨,PMI0006,(%),46.9
2019-12,60,存貨,PMI0006,(%),52.2
2020-01,60,存貨,PMI0006,(%),50
2020-02,60,存貨,PMI0006,(%),44.1
2020-03,60,存貨,PMI0006,(%),50.9
2020-04,60,存貨,PMI0006,(%),50.5
2020-05,60,存貨,PMI0006,(%),51.3
2020-06,60,存貨,PMI0006,(%),49.5
2020-07,60,存貨,PMI0006,(%),49.7
2020-08,60,存貨,PMI0006,(%),50.6
2020-09,60,存貨,PMI0006,(%),53.3
2020-10,60,存貨,PMI0006,(%),53.6
2020-11,60,存貨,PMI0006,(%),55.4
2020-12,60,存貨,PMI0006,(%),49.9
2021-01,60,存貨,PMI0006,(%),57.9
2021-02,60,存貨,PMI0006,(%),55.1
2021-03,60,存貨,PMI0006,(%),59.9
2021-04,60,存貨,PMI0006,(%),62.3
2021-05,60,存貨,PMI0006,(%),62.2
2021-06,60,存貨,PMI0006,(%),60.7
2021-07,60,存貨,PMI0006,(%),62.7
2021-08,60,存貨,PMI0006,(%),57.4
2021-09,60,存貨,PMI0006,(%),55.1
2021-10,60,存貨,PMI0006,(%),58
2021-11,60,存貨,PMI0006,(%),56.5
2021-12,60,存貨,PMI0006,(%),54.5
2022-01,60,存貨,PMI0006,(%),56.7
2022-02,60,存貨,PMI0006,(%),57.7
2022-03,60,存貨,PMI0006,(%),61.6
2022-04,60,存貨,PMI0006,(%),61.4
2022-05,60,存貨,PMI0006,(%),58.2
2022-06,60,存貨,PMI0006,(%),59.1
2022-07,60,存貨,PMI0006,(%),57.9
2022-08,60,存貨,PMI0006,(%),55.7
2022-09,60,存貨,PMI0006,(%),49.8
2022-10,60,存貨,PMI0006,(%),46.5
2022-11,60,存貨,PMI0006,(%),43.6
2022-12,60,存貨,PMI0006,(%),43.5
2023-01,60,存貨,PMI0006,(%),43.7
2023-02,60,存貨,PMI0006,(%),50
2023-03,60,存貨,PMI0006,(%),49.9
2023-04,60,存貨,PMI0006,(%),45.9
2023-05,60,存貨,PMI0006,(%),45.3
2023-06,60,存貨,PMI0006,(%),46.7
2023-07,60,存貨,PMI0006,(%),44.4
2023-08,60,存貨,PMI0006,(%),43.6
2023-09,60,存貨,PMI0006,(%),45.4
2023-10,60,存貨,PMI0006,(%),42.8
2023-11,60,存貨,PMI0006,(%),42.7
2023-12,60,存貨,PMI0006,(%),45.8
2024-01,60,存貨,PMI0006,(%),45.7
2024-02,60,存貨,PMI0006,(%),44.5
2024-03,60,存貨,PMI0006,(%),46.9
2024-04,60,存貨,PMI0006,(%),47.1
2024-05,60,存貨,PMI0006,(%),49.2
2024-06,60,存貨,PMI0006,(%),49.4
2024-07,60,存貨,PMI0006,(%),49
2024-08,60,存貨,PMI0006,(%),49.9
2024-09,60,存貨,PMI0006,(%),49.9
2024-10,60,存貨,PMI0006,(%),47.2
2024-11,60,存貨,PMI0006,(%),48.6
2024-12,60,存貨,PMI0006,(%),47.4
2025-01,60,存貨,PMI0006,(%),46.5
2025-02,60,存貨,PMI0006,(%),52.7
2025-03,60,存貨,PMI0006,(%),53.9
2025-04,60,存貨,PMI0006,(%),50.1
2025-05,60,存貨,PMI0006,(%),53.6
2025-06,60,存貨,PMI0006,(%),50.4
2025-07,60,存貨,PMI0006,(%),48.5
2025-08,60,存貨,PMI0006,(%),47.8
2025-09,60,存貨,PMI0006,(%),48.1
2025-10,60,存貨,PMI0006,(%),47
2025-11,60,存貨,PMI0006,(%),48.6
2025-12,60,存貨,PMI0006,(%),52.2
2026-01,60,存貨,PMI0006,(%),56.9
2026-02,60,存貨,PMI0006,(%),56.7
2026-03,60,存貨,PMI0006,(%),59.4
2026-04,60,存貨,PMI0006,(%),60.4
2026-05,60,存貨,PMI0006,(%),65.7
2026-06,60,存貨,PMI0006,(%),61.9
2026-07,60,存貨,PMI0006,(%),61.1
2026-08,60,存貨,PMI0006,(%),58.2
2026-09,60,存貨,PMI0006,(%),61.4
2012-07,61,客戶存貨,PMI0007,(%),52.1
2012-08,61,客戶存貨,PMI0007,(%),50.3
2012-09,61,客戶存貨,PMI0007,(%),46.5
2012-10,61,客戶存貨,PMI0007,(%),47.2
2012-11,61,客戶存貨,PMI0007,(%),47.7
2012-12,61,客戶存貨,PMI0007,(%),47.6
2013-01,61,客戶存貨,PMI0007,(%),49.2
2013-02,61,客戶存貨,PMI0007,(%),45.5
2013-03,61,客戶存貨,PMI0007,(%),47.5
2013-04,61,客戶存貨,PMI0007,(%),53.6
2013-05,61,客戶存貨,PMI0007,(%),50.3
2013-06,61,客戶存貨,PMI0007,(%),51.9
2013-07,61,客戶存貨,PMI0007,(%),51.5
2013-08,61,客戶存貨,PMI0007,(%),45.7
2013-09,61,客戶存貨,PMI0007,(%),46.1
2013-10,61,客戶存貨,PMI0007,(%),43.6
2013-11,61,客戶存貨,PMI0007,(%),46.9
2013-12,61,客戶存貨,PMI0007,(%),45.4
2014-01,61,客戶存貨,PMI0007,(%),46.5
2014-02,61,客戶存貨,PMI0007,(%),45.8
2014-03,61,客戶存貨,PMI0007,(%),47.2
2014-04,61,客戶存貨,PMI0007,(%),41.6
2014-05,61,客戶存貨,PMI0007,(%),44.3
2014-06,61,客戶存貨,PMI0007,(%),48.3
2014-07,61,客戶存貨,PMI0007,(%),49.1
2014-08,61,客戶存貨,PMI0007,(%),51.6
2014-09,61,客戶存貨,PMI0007,(%),50.2
2014-10,61,客戶存貨,PMI0007,(%),50.1
2014-11,61,客戶存貨,PMI0007,(%),47.4
2014-12,61,客戶存貨,PMI0007,(%),46.7
2015-01,61,客戶存貨,PMI0007,(%),47.8
2015-02,61,客戶存貨,PMI0007,(%),47.6
2015-03,61,客戶存貨,PMI0007,(%),45.5
2015-04,61,客戶存貨,PMI0007,(%),47.6
2015-05,61,客戶存貨,PMI0007,(%),46.2
2015-06,61,客戶存貨,PMI0007,(%),47.5
2015-07,61,客戶存貨,PMI0007,(%),49
2015-08,61,客戶存貨,PMI0007,(%),49
2015-09,61,客戶存貨,PMI0007,(%),44.2
2015-10,61,客戶存貨,PMI0007,(%),45.6
2015-11,61,客戶存貨,PMI0007,(%),43.7
2015-12,61,客戶存貨,PMI0007,(%),43.9
2016-01,61,客戶存貨,PMI0007,(%),45.4
2016-02,61,客戶存貨,PMI0007,(%),43.4
2016-03,61,客戶存貨,PMI0007,(%),43.8
2016-04,61,客戶存貨,PMI0007,(%),46
2016-05,61,客戶存貨,PMI0007,(%),44.4
2016-06,61,客戶存貨,PMI0007,(%),43.2
2016-07,61,客戶存貨,PMI0007,(%),46.5
2016-08,61,客戶存貨,PMI0007,(%),47
2016-09,61,客戶存貨,PMI0007,(%),45
2016-10,61,客戶存貨,PMI0007,(%),44
2016-11,61,客戶存貨,PMI0007,(%),49.1
2016-12,61,客戶存貨,PMI0007,(%),48.7
2017-01,61,客戶存貨,PMI0007,(%),48.5
2017-02,61,客戶存貨,PMI0007,(%),43.7
2017-03,61,客戶存貨,PMI0007,(%),49.7
2017-04,61,客戶存貨,PMI0007,(%),49.9
2017-05,61,客戶存貨,PMI0007,(%),46.5
2017-06,61,客戶存貨,PMI0007,(%),45.9
2017-07,61,客戶存貨,PMI0007,(%),49.4
2017-08,61,客戶存貨,PMI0007,(%),49.6
2017-09,61,客戶存貨,PMI0007,(%),46.7
2017-10,61,客戶存貨,PMI0007,(%),48.2
2017-11,61,客戶存貨,PMI0007,(%),46.4
2017-12,61,客戶存貨,PMI0007,(%),45.2
2018-01,61,客戶存貨,PMI0007,(%),44.5
2018-02,61,客戶存貨,PMI0007,(%),45.7
2018-03,61,客戶存貨,PMI0007,(%),50.7
2018-04,61,客戶存貨,PMI0007,(%),48.7
2018-05,61,客戶存貨,PMI0007,(%),50.3
2018-06,61,客戶存貨,PMI0007,(%),48.1
2018-07,61,客戶存貨,PMI0007,(%),49.7
2018-08,61,客戶存貨,PMI0007,(%),50.4
2018-09,61,客戶存貨,PMI0007,(%),51.1
2018-10,61,客戶存貨,PMI0007,(%),48.9
2018-11,61,客戶存貨,PMI0007,(%),50.1
2018-12,61,客戶存貨,PMI0007,(%),47.8
2019-01,61,客戶存貨,PMI0007,(%),48.9
2019-02,61,客戶存貨,PMI0007,(%),47.6
2019-03,61,客戶存貨,PMI0007,(%),46.5
2019-04,61,客戶存貨,PMI0007,(%),42.6
2019-05,61,客戶存貨,PMI0007,(%),46.4
2019-06,61,客戶存貨,PMI0007,(%),46.1
2019-07,61,客戶存貨,PMI0007,(%),44.6
2019-08,61,客戶存貨,PMI0007,(%),46.7
2019-09,61,客戶存貨,PMI0007,(%),42.7
2019-10,61,客戶存貨,PMI0007,(%),44.2
2019-11,61,客戶存貨,PMI0007,(%),42.9
2019-12,61,客戶存貨,PMI0007,(%),44.8
2020-01,61,客戶存貨,PMI0007,(%),42.9
2020-02,61,客戶存貨,PMI0007,(%),40.7
2020-03,61,客戶存貨,PMI0007,(%),43.4
2020-04,61,客戶存貨,PMI0007,(%),50.5
2020-05,61,客戶存貨,PMI0007,(%),55
2020-06,61,客戶存貨,PMI0007,(%),46.2
2020-07,61,客戶存貨,PMI0007,(%),46.9
2020-08,61,客戶存貨,PMI0007,(%),41.9
2020-09,61,客戶存貨,PMI0007,(%),42.5
2020-10,61,客戶存貨,PMI0007,(%),45.8
2020-11,61,客戶存貨,PMI0007,(%),43.9
2020-12,61,客戶存貨,PMI0007,(%),44.2
2021-01,61,客戶存貨,PMI0007,(%),45.8
2021-02,61,客戶存貨,PMI0007,(%),44.5
2021-03,61,客戶存貨,PMI0007,(%),45.2
2021-04,61,客戶存貨,PMI0007,(%),47.6
2021-05,61,客戶存貨,PMI0007,(%),48.4
2021-06,61,客戶存貨,PMI0007,(%),44.9
2021-07,61,客戶存貨,PMI0007,(%),51.8
2021-08,61,客戶存貨,PMI0007,(%),51.6
2021-09,61,客戶存貨,PMI0007,(%),51.8
2021-10,61,客戶存貨,PMI0007,(%),49.4
2021-11,61,客戶存貨,PMI0007,(%),49.7
2021-12,61,客戶存貨,PMI0007,(%),48.3
2022-01,61,客戶存貨,PMI0007,(%),50.7
2022-02,61,客戶存貨,PMI0007,(%),50.2
2022-03,61,客戶存貨,PMI0007,(%),51
2022-04,61,客戶存貨,PMI0007,(%),51.9
2022-05,61,客戶存貨,PMI0007,(%),52.1
2022-06,61,客戶存貨,PMI0007,(%),56.9
2022-07,61,客戶存貨,PMI0007,(%),59.9
2022-08,61,客戶存貨,PMI0007,(%),59.2
2022-09,61,客戶存貨,PMI0007,(%),52.4
2022-10,61,客戶存貨,PMI0007,(%),50.1
2022-11,61,客戶存貨,PMI0007,(%),49.9
2022-12,61,客戶存貨,PMI0007,(%),48.6
2023-01,61,客戶存貨,PMI0007,(%),46.5
2023-02,61,客戶存貨,PMI0007,(%),47.6
2023-03,61,客戶存貨,PMI0007,(%),47
2023-04,61,客戶存貨,PMI0007,(%),44.9
2023-05,61,客戶存貨,PMI0007,(%),44.7
2023-06,61,客戶存貨,PMI0007,(%),42.7
2023-07,61,客戶存貨,PMI0007,(%),41
2023-08,61,客戶存貨,PMI0007,(%),44.5
2023-09,61,客戶存貨,PMI0007,(%),44.1
2023-10,61,客戶存貨,PMI0007,(%),44.7
2023-11,61,客戶存貨,PMI0007,(%),41.6
2023-12,61,客戶存貨,PMI0007,(%),41.7
2024-01,61,客戶存貨,PMI0007,(%),43.6
2024-02,61,客戶存貨,PMI0007,(%),40.5
2024-03,61,客戶存貨,PMI0007,(%),42.9
2024-04,61,客戶存貨,PMI0007,(%),43.9
2024-05,61,客戶存貨,PMI0007,(%),42.1
2024-06,61,客戶存貨,PMI0007,(%),43.1
2024-07,61,客戶存貨,PMI0007,(%),44.6
2024-08,61,客戶存貨,PMI0007,(%),44.3
2024-09,61,客戶存貨,PMI0007,(%),46.7
2024-10,61,客戶存貨,PMI0007,(%),46.1
2024-11,61,客戶存貨,PMI0007,(%),44.5
2024-12,61,客戶存貨,PMI0007,(%),44.5
2025-01,61,客戶存貨,PMI0007,(%),45.3
2025-02,61,客戶存貨,PMI0007,(%),44.3
2025-03,61,客戶存貨,PMI0007,(%),45.2
2025-04,61,客戶存貨,PMI0007,(%),47.7
2025-05,61,客戶存貨,PMI0007,(%),45.9
2025-06,61,客戶存貨,PMI0007,(%),47.8
2025-07,61,客戶存貨,PMI0007,(%),46.7
2025-08,61,客戶存貨,PMI0007,(%),45.9
2025-09,61,客戶存貨,PMI0007,(%),47.8
2025-10,61,客戶存貨,PMI0007,(%),46.7
2025-11,61,客戶存貨,PMI0007,(%),45.5
2025-12,61,客戶存貨,PMI0007,(%),44
2026-01,61,客戶存貨,PMI0007,(%),45.1
2026-02,61,客戶存貨,PMI0007,(%),47.7
2026-03,61,客戶存貨,PMI0007,(%),47.8
2026-04,61,客戶存貨,PMI0007,(%),48
2026-05,61,客戶存貨,PMI0007,(%),50.5
2026-06,61,客戶存貨,PMI0007,(%),49.4
2026-07,61,客戶存貨,PMI0007,(%),48.3
2026-08,61,客戶存貨,PMI0007,(%),49
2026-09,61,客戶存貨,PMI0007,(%),50.7
2012-07,64,新增出口訂單,PMI0010,(%),47
2012-08,64,新增出口訂單,PMI0010,(%),43.3
2012-09,64,新增出口訂單,PMI0010,(%),49.1
2012-10,64,新增出口訂單,PMI0010,(%),44.8
2012-11,64,新增出口訂單,PMI0010,(%),46.8
2012-12,64,新增出口訂單,PMI0010,(%),47.9
2013-01,64,新增出口訂單,PMI0010,(%),59.1
2013-02,64,新增出口訂單,PMI0010,(%),52.8
2013-03,64,新增出口訂單,PMI0010,(%),65.2
2013-04,64,新增出口訂單,PMI0010,(%),53.5
2013-05,64,新增出口訂單,PMI0010,(%),52.1
2013-06,64,新增出口訂單,PMI0010,(%),46.3
2013-07,64,新增出口訂單,PMI0010,(%),48.1
2013-08,64,新增出口訂單,PMI0010,(%),49.8
2013-09,64,新增出口訂單,PMI0010,(%),48.7
2013-10,64,新增出口訂單,PMI0010,(%),47.8
2013-11,64,新增出口訂單,PMI0010,(%),46.9
2013-12,64,新增出口訂單,PMI0010,(%),53.2
2014-01,64,新增出口訂單,PMI0010,(%),52.6
2014-02,64,新增出口訂單,PMI0010,(%),51.3
2014-03,64,新增出口訂單,PMI0010,(%),61.4
2014-04,64,新增出口訂單,PMI0010,(%),62
2014-05,64,新增出口訂單,PMI0010,(%),58.3
2014-06,64,新增出口訂單,PMI0010,(%),57.5
2014-07,64,新增出口訂單,PMI0010,(%),56.1
2014-08,64,新增出口訂單,PMI0010,(%),54.1
2014-09,64,新增出口訂單,PMI0010,(%),50.8
2014-10,64,新增出口訂單,PMI0010,(%),50.2
2014-11,64,新增出口訂單,PMI0010,(%),47.2
2014-12,64,新增出口訂單,PMI0010,(%),47.1
2015-01,64,新增出口訂單,PMI0010,(%),51.6
2015-02,64,新增出口訂單,PMI0010,(%),49.2
2015-03,64,新增出口訂單,PMI0010,(%),60.4
2015-04,64,新增出口訂單,PMI0010,(%),53.2
2015-05,64,新增出口訂單,PMI0010,(%),47.4
2015-06,64,新增出口訂單,PMI0010,(%),45.4
2015-07,64,新增出口訂單,PMI0010,(%),41.2
2015-08,64,新增出口訂單,PMI0010,(%),39.5
2015-09,64,新增出口訂單,PMI0010,(%),43.8
2015-10,64,新增出口訂單,PMI0010,(%),46.7
2015-11,64,新增出口訂單,PMI0010,(%),45.7
2015-12,64,新增出口訂單,PMI0010,(%),43.8
2016-01,64,新增出口訂單,PMI0010,(%),50.2
2016-02,64,新增出口訂單,PMI0010,(%),42.1
2016-03,64,新增出口訂單,PMI0010,(%),56.6
2016-04,64,新增出口訂單,PMI0010,(%),56.4
2016-05,64,新增出口訂單,PMI0010,(%),53.6
2016-06,64,新增出口訂單,PMI0010,(%),50.3
2016-07,64,新增出口訂單,PMI0010,(%),51.8
2016-08,64,新增出口訂單,PMI0010,(%),55.9
2016-09,64,新增出口訂單,PMI0010,(%),58.1
2016-10,64,新增出口訂單,PMI0010,(%),54
2016-11,64,新增出口訂單,PMI0010,(%),55
2016-12,64,新增出口訂單,PMI0010,(%),53.7
2017-01,64,新增出口訂單,PMI0010,(%),54.6
2017-02,64,新增出口訂單,PMI0010,(%),58.7
2017-03,64,新增出口訂單,PMI0010,(%),66.4
2017-04,64,新增出口訂單,PMI0010,(%),58.7
2017-05,64,新增出口訂單,PMI0010,(%),55.3
2017-06,64,新增出口訂單,PMI0010,(%),57.9
2017-07,64,新增出口訂單,PMI0010,(%),56.2
2017-08,64,新增出口訂單,PMI0010,(%),59.7
2017-09,64,新增出口訂單,PMI0010,(%),59
2017-10,64,新增出口訂單,PMI0010,(%),57.1
2017-11,64,新增出口訂單,PMI0010,(%),55.4
2017-12,64,新增出口訂單,PMI0010,(%),55.6
2018-01,64,新增出口訂單,PMI0010,(%),59.1
2018-02,64,新增出口訂單,PMI0010,(%),48.4
2018-03,64,新增出口訂單,PMI0010,(%),64.4
2018-04,64,新增出口訂單,PMI0010,(%),57.1
2018-05,64,新增出口訂單,PMI0010,(%),56.1
2018-06,64,新增出口訂單,PMI0010,(%),57.1
2018-07,64,新增出口訂單,PMI0010,(%),53.4
2018-08,64,新增出口訂單,PMI0010,(%),52.9
2018-09,64,新增出口訂單,PMI0010,(%),48.7
2018-10,64,新增出口訂單,PMI0010,(%),47.1
2018-11,64,新增出口訂單,PMI0010,(%),41.6
2018-12,64,新增出口訂單,PMI0010,(%),38.7
2019-01,64,新增出口訂單,PMI0010,(%),42.8
2019-02,64,新增出口訂單,PMI0010,(%),38.9
2019-03,64,新增出口訂單,PMI0010,(%),57.5
2019-04,64,新增出口訂單,PMI0010,(%),56.7
2019-05,64,新增出口訂單,PMI0010,(%),49.7
2019-06,64,新增出口訂單,PMI0010,(%),48.1
2019-07,64,新增出口訂單,PMI0010,(%),46.8
2019-08,64,新增出口訂單,PMI0010,(%),47.4
2019-09,64,新增出口訂單,PMI0010,(%),48.5
2019-10,64,新增出口訂單,PMI0010,(%),47.2
2019-11,64,新增出口訂單,PMI0010,(%),50.3
2019-12,64,新增出口訂單,PMI0010,(%),55.8
2020-01,64,新增出口訂單,PMI0010,(%),51.6
2020-02,64,新增出口訂單,PMI0010,(%),40.9
2020-03,64,新增出口訂單,PMI0010,(%),51.2
2020-04,64,新增出口訂單,PMI0010,(%),37.9
2020-05,64,新增出口訂單,PMI0010,(%),34.4
2020-06,64,新增出口訂單,PMI0010,(%),43.2
2020-07,64,新增出口訂單,PMI0010,(%),52.5
2020-08,64,新增出口訂單,PMI0010,(%),57.3
2020-09,64,新增出口訂單,PMI0010,(%),60.4
2020-10,64,新增出口訂單,PMI0010,(%),59.7
2020-11,64,新增出口訂單,PMI0010,(%),60.6
2020-12,64,新增出口訂單,PMI0010,(%),62.6
2021-01,64,新增出口訂單,PMI0010,(%),62.8
2021-02,64,新增出口訂單,PMI0010,(%),54.7
2021-03,64,新增出口訂單,PMI0010,(%),68
2021-04,64,新增出口訂單,PMI0010,(%),69.8
2021-05,64,新增出口訂單,PMI0010,(%),63.8
2021-06,64,新增出口訂單,PMI0010,(%),59.7
2021-07,64,新增出口訂單,PMI0010,(%),63.8
2021-08,64,新增出口訂單,PMI0010,(%),56.6
2021-09,64,新增出口訂單,PMI0010,(%),55.2
2021-10,64,新增出口訂單,PMI0010,(%),50.6
2021-11,64,新增出口訂單,PMI0010,(%),54.7
2021-12,64,新增出口訂單,PMI0010,(%),55.1
2022-01,64,新增出口訂單,PMI0010,(%),51.7
2022-02,64,新增出口訂單,PMI0010,(%),47.8
2022-03,64,新增出口訂單,PMI0010,(%),57.2
2022-04,64,新增出口訂單,PMI0010,(%),51.9
2022-05,64,新增出口訂單,PMI0010,(%),47.6
2022-06,64,新增出口訂單,PMI0010,(%),39.1
2022-07,64,新增出口訂單,PMI0010,(%),37
2022-08,64,新增出口訂單,PMI0010,(%),36.1
2022-09,64,新增出口訂單,PMI0010,(%),35.6
2022-10,64,新增出口訂單,PMI0010,(%),33.5
2022-11,64,新增出口訂單,PMI0010,(%),35.5
2022-12,64,新增出口訂單,PMI0010,(%),39.3
2023-01,64,新增出口訂單,PMI0010,(%),31.1
2023-02,64,新增出口訂單,PMI0010,(%),42.9
2023-03,64,新增出口訂單,PMI0010,(%),46.7
2023-04,64,新增出口訂單,PMI0010,(%),43
2023-05,64,新增出口訂單,PMI0010,(%),37.5
2023-06,64,新增出口訂單,PMI0010,(%),43.2
2023-07,64,新增出口訂單,PMI0010,(%),42
2023-08,64,新增出口訂單,PMI0010,(%),40.9
2023-09,64,新增出口訂單,PMI0010,(%),46.2
2023-10,64,新增出口訂單,PMI0010,(%),42.4
2023-11,64,新增出口訂單,PMI0010,(%),42.6
2023-12,64,新增出口訂單,PMI0010,(%),42.9
2024-01,64,新增出口訂單,PMI0010,(%),44.8
2024-02,64,新增出口訂單,PMI0010,(%),40.7
2024-03,64,新增出口訂單,PMI0010,(%),55.6
2024-04,64,新增出口訂單,PMI0010,(%),50.5
2024-05,64,新增出口訂單,PMI0010,(%),58.1
2024-06,64,新增出口訂單,PMI0010,(%),53.7
2024-07,64,新增出口訂單,PMI0010,(%),51.8
2024-08,64,新增出口訂單,PMI0010,(%),52.8
2024-09,64,新增出口訂單,PMI0010,(%),44.6
2024-10,64,新增出口訂單,PMI0010,(%),46.8
2024-11,64,新增出口訂單,PMI0010,(%),48.9
2024-12,64,新增出口訂單,PMI0010,(%),50
2025-01,64,新增出口訂單,PMI0010,(%),47.3
2025-02,64,新增出口訂單,PMI0010,(%),49.1
2025-03,64,新增出口訂單,PMI0010,(%),60.2
2025-04,64,新增出口訂單,PMI0010,(%),48.6
2025-05,64,新增出口訂單,PMI0010,(%),50
2025-06,64,新增出口訂單,PMI0010,(%),46.2
2025-07,64,新增出口訂單,PMI0010,(%),41.9
2025-08,64,新增出口訂單,PMI0010,(%),43.8
2025-09,64,新增出口訂單,PMI0010,(%),41.9
2025-10,64,新增出口訂單,PMI0010,(%),44.8
2025-11,64,新增出口訂單,PMI0010,(%),47.5
2025-12,64,新增出口訂單,PMI0010,(%),55
2026-01,64,新增出口訂單,PMI0010,(%),57.6
2026-02,64,新增出口訂單,PMI0010,(%),52.6
2026-03,64,新增出口訂單,PMI0010,(%),64.2
2026-04,64,新增出口訂單,PMI0010,(%),63.6
2026-05,64,新增出口訂單,PMI0010,(%),64.4
2026-06,64,新增出口訂單,PMI0010,(%),63.1
2026-07,64,新增出口訂單,PMI0010,(%),61.5
2026-08,64,新增出口訂單,PMI0010,(%),61.6
2026-09,64,新增出口訂單,PMI0010,(%),58.1
2012-07,280,新增訂單數量,PMI0017,,44.4
2012-08,280,新增訂單數量,PMI0017,,46.4
2012-09,280,新增訂單數量,PMI0017,,47.2
2012-10,280,新增訂單數量,PMI0017,,42.5
2012-11,280,新增訂單數量,PMI0017,,52.4
2012-12,280,新增訂單數量,PMI0017,,52.6
2013-01,280,新增訂單數量,PMI0017,,66.6
2013-02,280,新增訂單數量,PMI0017,,54.5
2013-03,280,新增訂單數量,PMI0017,,69.6
2013-04,280,新增訂單數量,PMI0017,,56.7
2013-05,280,新增訂單數量,PMI0017,,55.5
2013-06,280,新增訂單數量,PMI0017,,51.4
2013-07,280,新增訂單數量,PMI0017,,52.6
2013-08,280,新增訂單數量,PMI0017,,55.1
2013-09,280,新增訂單數量,PMI0017,,50.7
2013-10,280,新增訂單數量,PMI0017,,51.2
2013-11,280,新增訂單數量,PMI0017,,52.7
2013-12,280,新增訂單數量,PMI0017,,57
2014-01,280,新增訂單數量,PMI0017,,55.3
2014-02,280,新增訂單數量,PMI0017,,48.8
2014-03,280,新增訂單數量,PMI0017,,65.7
2014-04,280,新增訂單數量,PMI0017,,67.1
2014-05,280,新增訂單數量,PMI0017,,62.3
2014-06,280,新增訂單數量,PMI0017,,59.6
2014-07,280,新增訂單數量,PMI0017,,62.3
2014-08,280,新增訂單數量,PMI0017,,55.3
2014-09,280,新增訂單數量,PMI0017,,52.7
2014-10,280,新增訂單數量,PMI0017,,50.3
2014-11,280,新增訂單數量,PMI0017,,47
2014-12,280,新增訂單數量,PMI0017,,50.2
2015-01,280,新增訂單數量,PMI0017,,56.5
2015-02,280,新增訂單數量,PMI0017,,45.3
2015-03,280,新增訂單數量,PMI0017,,66.1
2015-04,280,新增訂單數量,PMI0017,,56
2015-05,280,新增訂單數量,PMI0017,,49.1
2015-06,280,新增訂單數量,PMI0017,,50.8
2015-07,280,新增訂單數量,PMI0017,,44.4
2015-08,280,新增訂單數量,PMI0017,,39.9
2015-09,280,新增訂單數量,PMI0017,,45.8
2015-10,280,新增訂單數量,PMI0017,,45.9
2015-11,280,新增訂單數量,PMI0017,,44.9
2015-12,280,新增訂單數量,PMI0017,,45.7
2016-01,280,新增訂單數量,PMI0017,,53.4
2016-02,280,新增訂單數量,PMI0017,,37
2016-03,280,新增訂單數量,PMI0017,,61.3
2016-04,280,新增訂單數量,PMI0017,,57.4
2016-05,280,新增訂單數量,PMI0017,,58
2016-06,280,新增訂單數量,PMI0017,,55.3
2016-07,280,新增訂單數量,PMI0017,,54.9
2016-08,280,新增訂單數量,PMI0017,,57.3
2016-09,280,新增訂單數量,PMI0017,,59.3
2016-10,280,新增訂單數量,PMI0017,,55
2016-11,280,新增訂單數量,PMI0017,,61.3
2016-12,280,新增訂單數量,PMI0017,,57.3
2017-01,280,新增訂單數量,PMI0017,,51.4
2017-02,280,新增訂單數量,PMI0017,,58.2
2017-03,280,新增訂單數量,PMI0017,,72.3
2017-04,280,新增訂單數量,PMI0017,,62.2
2017-05,280,新增訂單數量,PMI0017,,57.3
2017-06,280,新增訂單數量,PMI0017,,58.3
2017-07,280,新增訂單數量,PMI0017,,61.2
2017-08,280,新增訂單數量,PMI0017,,63.2
2017-09,280,新增訂單數量,PMI0017,,60.4
2017-10,280,新增訂單數量,PMI0017,,58.6
2017-11,280,新增訂單數量,PMI0017,,55.6
2017-12,280,新增訂單數量,PMI0017,,58.1
2018-01,280,新增訂單數量,PMI0017,,60.9
2018-02,280,新增訂單數量,PMI0017,,44.1
2018-03,280,新增訂單數量,PMI0017,,68.8
2018-04,280,新增訂單數量,PMI0017,,61.7
2018-05,280,新增訂單數量,PMI0017,,57.8
2018-06,280,新增訂單數量,PMI0017,,60.1
2018-07,280,新增訂單數量,PMI0017,,55.2
2018-08,280,新增訂單數量,PMI0017,,54.4
2018-09,280,新增訂單數量,PMI0017,,52.5
2018-10,280,新增訂單數量,PMI0017,,46
2018-11,280,新增訂單數量,PMI0017,,41.9
2018-12,280,新增訂單數量,PMI0017,,39.7
2019-01,280,新增訂單數量,PMI0017,,43
2019-02,280,新增訂單數量,PMI0017,,33.7
2019-03,280,新增訂單數量,PMI0017,,59.7
2019-04,280,新增訂單數量,PMI0017,,60.2
2019-05,280,新增訂單數量,PMI0017,,52.4
2019-06,280,新增訂單數量,PMI0017,,50.2
2019-07,280,新增訂單數量,PMI0017,,49.4
2019-08,280,新增訂單數量,PMI0017,,49.3
2019-09,280,新增訂單數量,PMI0017,,52.3
2019-10,280,新增訂單數量,PMI0017,,49.7
2019-11,280,新增訂單數量,PMI0017,,56.7
2019-12,280,新增訂單數量,PMI0017,,58.8
2020-01,280,新增訂單數量,PMI0017,,51.6
2020-02,280,新增訂單數量,PMI0017,,44.2
2020-03,280,新增訂單數量,PMI0017,,55.1
2020-04,280,新增訂單數量,PMI0017,,42.3
2020-05,280,新增訂單數量,PMI0017,,37.4
2020-06,280,新增訂單數量,PMI0017,,44.5
2020-07,280,新增訂單數量,PMI0017,,55.4
2020-08,280,新增訂單數量,PMI0017,,61.7
2020-09,280,新增訂單數量,PMI0017,,66.9
2020-10,280,新增訂單數量,PMI0017,,64.6
2020-11,280,新增訂單數量,PMI0017,,64.4
2020-12,280,新增訂單數量,PMI0017,,71.4
2021-01,280,新增訂單數量,PMI0017,,69.2
2021-02,280,新增訂單數量,PMI0017,,55.8
2021-03,280,新增訂單數量,PMI0017,,76.3
2021-04,280,新增訂單數量,PMI0017,,74.2
2021-05,280,新增訂單數量,PMI0017,,68.4
2021-06,280,新增訂單數量,PMI0017,,61.2
2021-07,280,新增訂單數量,PMI0017,,64.9
2021-08,280,新增訂單數量,PMI0017,,59.9
2021-09,280,新增訂單數量,PMI0017,,53.4
2021-10,280,新增訂單數量,PMI0017,,52.6
2021-11,280,新增訂單數量,PMI0017,,58
2021-12,280,新增訂單數量,PMI0017,,58.8
2022-01,280,新增訂單數量,PMI0017,,55.8
2022-02,280,新增訂單數量,PMI0017,,50.8
2022-03,280,新增訂單數量,PMI0017,,61.7
2022-04,280,新增訂單數量,PMI0017,,54.5
2022-05,280,新增訂單數量,PMI0017,,47.9
2022-06,280,新增訂單數量,PMI0017,,40.2
2022-07,280,新增訂單數量,PMI0017,,34.2
2022-08,280,新增訂單數量,PMI0017,,36.5
2022-09,280,新增訂單數量,PMI0017,,34.4
2022-10,280,新增訂單數量,PMI0017,,35.9
2022-11,280,新增訂單數量,PMI0017,,38.2
2022-12,280,新增訂單數量,PMI0017,,40.4
2023-01,280,新增訂單數量,PMI0017,,30.6
2023-02,280,新增訂單數量,PMI0017,,48.3
2023-03,280,新增訂單數量,PMI0017,,52.6
2023-04,280,新增訂單數量,PMI0017,,47.4
2023-05,280,新增訂單數量,PMI0017,,36.3
2023-06,280,新增訂單數量,PMI0017,,49.5
2023-07,280,新增訂單數量,PMI0017,,47.9
2023-08,280,新增訂單數量,PMI0017,,45.1
2023-09,280,新增訂單數量,PMI0017,,51.2
2023-10,280,新增訂單數量,PMI0017,,44.6
2023-11,280,新增訂單數量,PMI0017,,48.2
2023-12,280,新增訂單數量,PMI0017,,46.6
2024-01,280,新增訂單數量,PMI0017,,47.3
2024-02,280,新增訂單數量,PMI0017,,38.6
2024-03,280,新增訂單數量,PMI0017,,59.4
2024-04,280,新增訂單數量,PMI0017,,55.4
2024-05,280,新增訂單數量,PMI0017,,65.2
2024-06,280,新增訂單數量,PMI0017,,57.6
2024-07,280,新增訂單數量,PMI0017,,54.3
2024-08,280,新增訂單數量,PMI0017,,55.6
2024-09,280,新增訂單數量,PMI0017,,48.2
2024-10,280,新增訂單數量,PMI0017,,47.9
2024-11,280,新增訂單數量,PMI0017,,54.4
2024-12,280,新增訂單數量,PMI0017,,52.1
2025-01,280,新增訂單數量,PMI0017,,46.8
2025-02,280,新增訂單數量,PMI0017,,54.7
2025-03,280,新增訂單數量,PMI0017,,64.9
2025-04,280,新增訂單數量,PMI0017,,52.3
2025-05,280,新增訂單數量,PMI0017,,51.9
2025-06,280,新增訂單數量,PMI0017,,47.6
2025-07,280,新增訂單數量,PMI0017,,45.2
2025-08,280,新增訂單數量,PMI0017,,44.3
2025-09,280,新增訂單數量,PMI0017,,44.2
2025-10,280,新增訂單數量,PMI0017,,45.2
2025-11,280,新增訂單數量,PMI0017,,49.3
2025-12,280,新增訂單數量,PMI0017,,56.6
2026-01,280,新增訂單數量,PMI0017,,64.3
2026-02,280,新增訂單數量,PMI0017,,52.1
2026-03,280,新增訂單數量,PMI0017,,69.1
2026-04,280,新增訂單數量,PMI0017,,66
2026-05,280,新增訂單數量,PMI0017,,65.9
2026-06,280,新增訂單數量,PMI0017,,63.1
2026-07,280,新增訂單數量,PMI0017,,63.2
2026-08,280,新增訂單數量,PMI0017,,63.7
2026-09,280,新增訂單數量,PMI0017,,57.9
2012-07,56,新增訂單數量(季調值),PMI0002,(%),45.5
2012-08,56,新增訂單數量(季調值),PMI0002,(%),47.4
2012-09,56,新增訂單數量(季調值),PMI0002,(%),53.2
2012-10,56,新增訂單數量(季調值),PMI0002,(%),48
2012-11,56,新增訂單數量(季調值),PMI0002,(%),55.8
2012-12,56,新增訂單數量(季調值),PMI0002,(%),62.1
2013-01,56,新增訂單數量(季調值),PMI0002,(%),63.1
2013-02,56,新增訂單數量(季調值),PMI0002,(%),57.7
2013-03,56,新增訂單數量(季調值),PMI0002,(%),50.9
2013-04,56,新增訂單數量(季調值),PMI0002,(%),47.9
2013-05,56,新增訂單數量(季調值),PMI0002,(%),50.6
2013-06,56,新增訂單數量(季調值),PMI0002,(%),50.8
2013-07,56,新增訂單數量(季調值),PMI0002,(%),54.4
2013-08,56,新增訂單數量(季調值),PMI0002,(%),56.5
2013-09,56,新增訂單數量(季調值),PMI0002,(%),55.8
2013-10,56,新增訂單數量(季調值),PMI0002,(%),55.8
2013-11,56,新增訂單數量(季調值),PMI0002,(%),57.1
2013-12,56,新增訂單數量(季調值),PMI0002,(%),58.7
2014-01,56,新增訂單數量(季調值),PMI0002,(%),57.2
2014-02,56,新增訂單數量(季調值),PMI0002,(%),53.8
2014-03,56,新增訂單數量(季調值),PMI0002,(%),56.8
2014-04,56,新增訂單數量(季調值),PMI0002,(%),58.8
2014-05,56,新增訂單數量(季調值),PMI0002,(%),58.3
2014-06,56,新增訂單數量(季調值),PMI0002,(%),58.2
2014-07,56,新增訂單數量(季調值),PMI0002,(%),63.6
2014-08,56,新增訂單數量(季調值),PMI0002,(%),56.8
2014-09,56,新增訂單數量(季調值),PMI0002,(%),54.7
2014-10,56,新增訂單數量(季調值),PMI0002,(%),53.9
2014-11,56,新增訂單數量(季調值),PMI0002,(%),54.5
2014-12,56,新增訂單數量(季調值),PMI0002,(%),55.7
2015-01,56,新增訂單數量(季調值),PMI0002,(%),55.6
2015-02,56,新增訂單數量(季調值),PMI0002,(%),53.7
2015-03,56,新增訂單數量(季調值),PMI0002,(%),49.9
2015-04,56,新增訂單數量(季調值),PMI0002,(%),46.2
2015-05,56,新增訂單數量(季調值),PMI0002,(%),45.2
2015-06,56,新增訂單數量(季調值),PMI0002,(%),46.4
2015-07,56,新增訂單數量(季調值),PMI0002,(%),44.7
2015-08,56,新增訂單數量(季調值),PMI0002,(%),44.4
2015-09,56,新增訂單數量(季調值),PMI0002,(%),47.6
2015-10,56,新增訂單數量(季調值),PMI0002,(%),49.5
2015-11,56,新增訂單數量(季調值),PMI0002,(%),51.4
2015-12,56,新增訂單數量(季調值),PMI0002,(%),50.1
2016-01,56,新增訂單數量(季調值),PMI0002,(%),51.5
2016-02,56,新增訂單數量(季調值),PMI0002,(%),49.7
2016-03,56,新增訂單數量(季調值),PMI0002,(%),45.6
2016-04,56,新增訂單數量(季調值),PMI0002,(%),49.1
2016-05,56,新增訂單數量(季調值),PMI0002,(%),53.6
2016-06,56,新增訂單數量(季調值),PMI0002,(%),53.3
2016-07,56,新增訂單數量(季調值),PMI0002,(%),55.6
2016-08,56,新增訂單數量(季調值),PMI0002,(%),57.8
2016-09,56,新增訂單數量(季調值),PMI0002,(%),59.4
2016-10,56,新增訂單數量(季調值),PMI0002,(%),62.1
2016-11,56,新增訂單數量(季調值),PMI0002,(%),64.7
2016-12,56,新增訂單數量(季調值),PMI0002,(%),57
2017-01,56,新增訂單數量(季調值),PMI0002,(%),53.8
2017-02,56,新增訂單數量(季調值),PMI0002,(%),68.8
2017-03,56,新增訂單數量(季調值),PMI0002,(%),62.4
2017-04,56,新增訂單數量(季調值),PMI0002,(%),57.5
2017-05,56,新增訂單數量(季調值),PMI0002,(%),53.2
2017-06,56,新增訂單數量(季調值),PMI0002,(%),52.2
2017-07,56,新增訂單數量(季調值),PMI0002,(%),64.7
2017-08,56,新增訂單數量(季調值),PMI0002,(%),63
2017-09,56,新增訂單數量(季調值),PMI0002,(%),61.3
2017-10,56,新增訂單數量(季調值),PMI0002,(%),61.5
2017-11,56,新增訂單數量(季調值),PMI0002,(%),61.6
2017-12,56,新增訂單數量(季調值),PMI0002,(%),63.1
2018-01,56,新增訂單數量(季調值),PMI0002,(%),61.4
2018-02,56,新增訂單數量(季調值),PMI0002,(%),58.6
2018-03,56,新增訂單數量(季調值),PMI0002,(%),52.9
2018-04,56,新增訂單數量(季調值),PMI0002,(%),53.5
2018-05,56,新增訂單數量(季調值),PMI0002,(%),52.7
2018-06,56,新增訂單數量(季調值),PMI0002,(%),55
2018-07,56,新增訂單數量(季調值),PMI0002,(%),54.2
2018-08,56,新增訂單數量(季調值),PMI0002,(%),53.5
2018-09,56,新增訂單數量(季調值),PMI0002,(%),56
2018-10,56,新增訂單數量(季調值),PMI0002,(%),49.2
2018-11,56,新增訂單數量(季調值),PMI0002,(%),44.2
2018-12,56,新增訂單數量(季調值),PMI0002,(%),46.6
2019-01,56,新增訂單數量(季調值),PMI0002,(%),43
2019-02,56,新增訂單數量(季調值),PMI0002,(%),42.9
2019-03,56,新增訂單數量(季調值),PMI0002,(%),47.7
2019-04,56,新增訂單數量(季調值),PMI0002,(%),50.9
2019-05,56,新增訂單數量(季調值),PMI0002,(%),47.5
2019-06,56,新增訂單數量(季調值),PMI0002,(%),48.7
2019-07,56,新增訂單數量(季調值),PMI0002,(%),48.2
2019-08,56,新增訂單數量(季調值),PMI0002,(%),48.9
2019-09,56,新增訂單數量(季調值),PMI0002,(%),52
2019-10,56,新增訂單數量(季調值),PMI0002,(%),52.7
2019-11,56,新增訂單數量(季調值),PMI0002,(%),61
2019-12,56,新增訂單數量(季調值),PMI0002,(%),61.5
2020-01,56,新增訂單數量(季調值),PMI0002,(%),55
2020-02,56,新增訂單數量(季調值),PMI0002,(%),56.9
2020-03,56,新增訂單數量(季調值),PMI0002,(%),50.1
2020-04,56,新增訂單數量(季調值),PMI0002,(%),37.1
2020-05,56,新增訂單數量(季調值),PMI0002,(%),35.9
2020-06,56,新增訂單數量(季調值),PMI0002,(%),42.6
2020-07,56,新增訂單數量(季調值),PMI0002,(%),56.74381106
2020-08,56,新增訂單數量(季調值),PMI0002,(%),62.5
2020-09,56,新增訂單數量(季調值),PMI0002,(%),61.4
2020-10,56,新增訂單數量(季調值),PMI0002,(%),65.85588419
2020-11,56,新增訂單數量(季調值),PMI0002,(%),64.8
2020-12,56,新增訂單數量(季調值),PMI0002,(%),69.4
2021-01,56,新增訂單數量(季調值),PMI0002,(%),68.2
2021-02,56,新增訂單數量(季調值),PMI0002,(%),65.6
2021-03,56,新增訂單數量(季調值),PMI0002,(%),60.5
2021-04,56,新增訂單數量(季調值),PMI0002,(%),71.6
2021-05,56,新增訂單數量(季調值),PMI0002,(%),67.71516863
2021-06,56,新增訂單數量(季調值),PMI0002,(%),64.7
2021-07,56,新增訂單數量(季調值),PMI0002,(%),67.8
2021-08,56,新增訂單數量(季調值),PMI0002,(%),62.3
2021-09,56,新增訂單數量(季調值),PMI0002,(%),53.5
2021-10,56,新增訂單數量(季調值),PMI0002,(%),56.8
2021-11,56,新增訂單數量(季調值),PMI0002,(%),60.1
2021-12,56,新增訂單數量(季調值),PMI0002,(%),59.7
2022-01,56,新增訂單數量(季調值),PMI0002,(%),52.6
2022-02,56,新增訂單數量(季調值),PMI0002,(%),58.6
2022-03,56,新增訂單數量(季調值),PMI0002,(%),52.4
2022-04,56,新增訂單數量(季調值),PMI0002,(%),47.7
2022-05,56,新增訂單數量(季調值),PMI0002,(%),45.6
2022-06,56,新增訂單數量(季調值),PMI0002,(%),47.4
2022-07,56,新增訂單數量(季調值),PMI0002,(%),36.6
2022-08,56,新增訂單數量(季調值),PMI0002,(%),41.6
2022-09,56,新增訂單數量(季調值),PMI0002,(%),37.7
2022-10,56,新增訂單數量(季調值),PMI0002,(%),42.8
2022-11,56,新增訂單數量(季調值),PMI0002,(%),41.9
2022-12,56,新增訂單數量(季調值),PMI0002,(%),39.8
2023-01,56,新增訂單數量(季調值),PMI0002,(%),34.4
2023-02,56,新增訂單數量(季調值),PMI0002,(%),51.1
2023-03,56,新增訂單數量(季調值),PMI0002,(%),44.5
2023-04,56,新增訂單數量(季調值),PMI0002,(%),40.6
2023-05,56,新增訂單數量(季調值),PMI0002,(%),34.3
2023-06,56,新增訂單數量(季調值),PMI0002,(%),52.7
2023-07,56,新增訂單數量(季調值),PMI0002,(%),48.1
2023-08,56,新增訂單數量(季調值),PMI0002,(%),46.6
2023-09,56,新增訂單數量(季調值),PMI0002,(%),51.7
2023-10,56,新增訂單數量(季調值),PMI0002,(%),48.3
2023-11,56,新增訂單數量(季調值),PMI0002,(%),48.6
2023-12,56,新增訂單數量(季調值),PMI0002,(%),46.5
2024-01,56,新增訂單數量(季調值),PMI0002,(%),46.2
2024-02,56,新增訂單數量(季調值),PMI0002,(%),48.9
2024-03,56,新增訂單數量(季調值),PMI0002,(%),46.9
2024-04,56,新增訂單數量(季調值),PMI0002,(%),50.1
2024-05,56,新增訂單數量(季調值),PMI0002,(%),63.8
2024-06,56,新增訂單數量(季調值),PMI0002,(%),59.2
2024-07,56,新增訂單數量(季調值),PMI0002,(%),53.9
2024-08,56,新增訂單數量(季調值),PMI0002,(%),56.7
2024-09,56,新增訂單數量(季調值),PMI0002,(%),48.5
2024-10,56,新增訂單數量(季調值),PMI0002,(%),51.9
2024-11,56,新增訂單數量(季調值),PMI0002,(%),55.5
2024-12,56,新增訂單數量(季調值),PMI0002,(%),50.9
2025-01,56,新增訂單數量(季調值),PMI0002,(%),49.7
2025-02,56,新增訂單數量(季調值),PMI0002,(%),54.4
2025-03,56,新增訂單數量(季調值),PMI0002,(%),56.8
2025-04,56,新增訂單數量(季調值),PMI0002,(%),47.5
2025-05,56,新增訂單數量(季調值),PMI0002,(%),49.1
2025-06,56,新增訂單數量(季調值),PMI0002,(%),47.1
2025-07,56,新增訂單數量(季調值),PMI0002,(%),45.4
2025-08,56,新增訂單數量(季調值),PMI0002,(%),45.9
2025-09,56,新增訂單數量(季調值),PMI0002,(%),47.2
2025-10,56,新增訂單數量(季調值),PMI0002,(%),51.1
2025-11,56,新增訂單數量(季調值),PMI0002,(%),50.9
2025-12,56,新增訂單數量(季調值),PMI0002,(%),57.6
2026-01,56,新增訂單數量(季調值),PMI0002,(%),58.9
2026-02,56,新增訂單數量(季調值),PMI0002,(%),63.7
2026-03,56,新增訂單數量(季調值),PMI0002,(%),52.1
2026-04,56,新增訂單數量(季調值),PMI0002,(%),58.5
2026-05,56,新增訂單數量(季調值),PMI0002,(%),59.6
2026-06,56,新增訂單數量(季調值),PMI0002,(%),60.4
2026-07,56,新增訂單數量(季調值),PMI0002,(%),63.3
2026-08,56,新增訂單數量(季調值),PMI0002,(%),66.5
2026-09,56,新增訂單數量(季調值),PMI0002,(%),63.6
2012-07,66,未來六個月展望,PMI0012,(%),28.8
2012-08,66,未來六個月展望,PMI0012,(%),32.8
2012-09,66,未來六個月展望,PMI0012,(%),33
2012-10,66,未來六個月展望,PMI0012,(%),31.7
2012-11,66,未來六個月展望,PMI0012,(%),40.3
2012-12,66,未來六個月展望,PMI0012,(%),50.4
2013-01,66,未來六個月展望,PMI0012,(%),61.4
2013-02,66,未來六個月展望,PMI0012,(%),67.7
2013-03,66,未來六個月展望,PMI0012,(%),65.3
2013-04,66,未來六個月展望,PMI0012,(%),57.1
2013-05,66,未來六個月展望,PMI0012,(%),54.1
2013-06,66,未來六個月展望,PMI0012,(%),51.7
2013-07,66,未來六個月展望,PMI0012,(%),51
2013-08,66,未來六個月展望,PMI0012,(%),53.3
2013-09,66,未來六個月展望,PMI0012,(%),51
2013-10,66,未來六個月展望,PMI0012,(%),47.3
2013-11,66,未來六個月展望,PMI0012,(%),48.3
2013-12,66,未來六個月展望,PMI0012,(%),54.8
2014-01,66,未來六個月展望,PMI0012,(%),65.1
2014-02,66,未來六個月展望,PMI0012,(%),64.4
2014-03,66,未來六個月展望,PMI0012,(%),63.7
2014-04,66,未來六個月展望,PMI0012,(%),66
2014-05,66,未來六個月展望,PMI0012,(%),65.3
2014-06,66,未來六個月展望,PMI0012,(%),68.4
2014-07,66,未來六個月展望,PMI0012,(%),65.5
2014-08,66,未來六個月展望,PMI0012,(%),60.6
2014-09,66,未來六個月展望,PMI0012,(%),54.1
2014-10,66,未來六個月展望,PMI0012,(%),43.4
2014-11,66,未來六個月展望,PMI0012,(%),44.3
2014-12,66,未來六個月展望,PMI0012,(%),49.8
2015-01,66,未來六個月展望,PMI0012,(%),58.5
2015-02,66,未來六個月展望,PMI0012,(%),61.8
2015-03,66,未來六個月展望,PMI0012,(%),61
2015-04,66,未來六個月展望,PMI0012,(%),57.4
2015-05,66,未來六個月展望,PMI0012,(%),52.7
2015-06,66,未來六個月展望,PMI0012,(%),53.1
2015-07,66,未來六個月展望,PMI0012,(%),42.6
2015-08,66,未來六個月展望,PMI0012,(%),33.6
2015-09,66,未來六個月展望,PMI0012,(%),33.1
2015-10,66,未來六個月展望,PMI0012,(%),35.9
2015-11,66,未來六個月展望,PMI0012,(%),37.6
2015-12,66,未來六個月展望,PMI0012,(%),38
2016-01,66,未來六個月展望,PMI0012,(%),42.5
2016-02,66,未來六個月展望,PMI0012,(%),48.7
2016-03,66,未來六個月展望,PMI0012,(%),51.8
2016-04,66,未來六個月展望,PMI0012,(%),56.7
2016-05,66,未來六個月展望,PMI0012,(%),52.4
2016-06,66,未來六個月展望,PMI0012,(%),53.8
2016-07,66,未來六個月展望,PMI0012,(%),55.5
2016-08,66,未來六個月展望,PMI0012,(%),55.2
2016-09,66,未來六個月展望,PMI0012,(%),53.5
2016-10,66,未來六個月展望,PMI0012,(%),51.8
2016-11,66,未來六個月展望,PMI0012,(%),54
2016-12,66,未來六個月展望,PMI0012,(%),59.8
2017-01,66,未來六個月展望,PMI0012,(%),61.5
2017-02,66,未來六個月展望,PMI0012,(%),64.4
2017-03,66,未來六個月展望,PMI0012,(%),69
2017-04,66,未來六個月展望,PMI0012,(%),63.2
2017-05,66,未來六個月展望,PMI0012,(%),61.1
2017-06,66,未來六個月展望,PMI0012,(%),59.1
2017-07,66,未來六個月展望,PMI0012,(%),63.9
2017-08,66,未來六個月展望,PMI0012,(%),63.8
2017-09,66,未來六個月展望,PMI0012,(%),62.3
2017-10,66,未來六個月展望,PMI0012,(%),59.1
2017-11,66,未來六個月展望,PMI0012,(%),60
2017-12,66,未來六個月展望,PMI0012,(%),58.8
2018-01,66,未來六個月展望,PMI0012,(%),65.7
2018-02,66,未來六個月展望,PMI0012,(%),65.7
2018-03,66,未來六個月展望,PMI0012,(%),64.8
2018-04,66,未來六個月展望,PMI0012,(%),63
2018-05,66,未來六個月展望,PMI0012,(%),63.3
2018-06,66,未來六個月展望,PMI0012,(%),60.8
2018-07,66,未來六個月展望,PMI0012,(%),55.5
2018-08,66,未來六個月展望,PMI0012,(%),54.1
2018-09,66,未來六個月展望,PMI0012,(%),47.6
2018-10,66,未來六個月展望,PMI0012,(%),40.6
2018-11,66,未來六個月展望,PMI0012,(%),33.7
2018-12,66,未來六個月展望,PMI0012,(%),33.2
2019-01,66,未來六個月展望,PMI0012,(%),34.9
2019-02,66,未來六個月展望,PMI0012,(%),42.9
2019-03,66,未來六個月展望,PMI0012,(%),52.1
2019-04,66,未來六個月展望,PMI0012,(%),55.7
2019-05,66,未來六個月展望,PMI0012,(%),48.5
2019-06,66,未來六個月展望,PMI0012,(%),42.9
2019-07,66,未來六個月展望,PMI0012,(%),49.3
2019-08,66,未來六個月展望,PMI0012,(%),44.5
2019-09,66,未來六個月展望,PMI0012,(%),44.9
2019-10,66,未來六個月展望,PMI0012,(%),45.7
2019-11,66,未來六個月展望,PMI0012,(%),49
2019-12,66,未來六個月展望,PMI0012,(%),57.4
2020-01,66,未來六個月展望,PMI0012,(%),63.7
2020-02,66,未來六個月展望,PMI0012,(%),36.8
2020-03,66,未來六個月展望,PMI0012,(%),28.7
2020-04,66,未來六個月展望,PMI0012,(%),25.7
2020-05,66,未來六個月展望,PMI0012,(%),30.8
2020-06,66,未來六個月展望,PMI0012,(%),44.1
2020-07,66,未來六個月展望,PMI0012,(%),49.3
2020-08,66,未來六個月展望,PMI0012,(%),53.5
2020-09,66,未來六個月展望,PMI0012,(%),58.6
2020-10,66,未來六個月展望,PMI0012,(%),58.3
2020-11,66,未來六個月展望,PMI0012,(%),63.4
2020-12,66,未來六個月展望,PMI0012,(%),69.9
2021-01,66,未來六個月展望,PMI0012,(%),70
2021-02,66,未來六個月展望,PMI0012,(%),73.3
2021-03,66,未來六個月展望,PMI0012,(%),78.8
2021-04,66,未來六個月展望,PMI0012,(%),79
2021-05,66,未來六個月展望,PMI0012,(%),67
2021-06,66,未來六個月展望,PMI0012,(%),64.3
2021-07,66,未來六個月展望,PMI0012,(%),66.2
2021-08,66,未來六個月展望,PMI0012,(%),61.3
2021-09,66,未來六個月展望,PMI0012,(%),55.5
2021-10,66,未來六個月展望,PMI0012,(%),54.2
2021-11,66,未來六個月展望,PMI0012,(%),57.9
2021-12,66,未來六個月展望,PMI0012,(%),57.9
2022-01,66,未來六個月展望,PMI0012,(%),59.7
2022-02,66,未來六個月展望,PMI0012,(%),65.1
2022-03,66,未來六個月展望,PMI0012,(%),60.9
2022-04,66,未來六個月展望,PMI0012,(%),52.9
2022-05,66,未來六個月展望,PMI0012,(%),44
2022-06,66,未來六個月展望,PMI0012,(%),37.1
2022-07,66,未來六個月展望,PMI0012,(%),30.1
2022-08,66,未來六個月展望,PMI0012,(%),28.3
2022-09,66,未來六個月展望,PMI0012,(%),28.3
2022-10,66,未來六個月展望,PMI0012,(%),24.8
2022-11,66,未來六個月展望,PMI0012,(%),25.3
2022-12,66,未來六個月展望,PMI0012,(%),29.3
2023-01,66,未來六個月展望,PMI0012,(%),38.9
2023-02,66,未來六個月展望,PMI0012,(%),44.7
2023-03,66,未來六個月展望,PMI0012,(%),46.2
2023-04,66,未來六個月展望,PMI0012,(%),44.9
2023-05,66,未來六個月展望,PMI0012,(%),38.2
2023-06,66,未來六個月展望,PMI0012,(%),44.9
2023-07,66,未來六個月展望,PMI0012,(%),43.2
2023-08,66,未來六個月展望,PMI0012,(%),42.1
2023-09,66,未來六個月展望,PMI0012,(%),44.7
2023-10,66,未來六個月展望,PMI0012,(%),39.8
2023-11,66,未來六個月展望,PMI0012,(%),42.5
2023-12,66,未來六個月展望,PMI0012,(%),45.4
2024-01,66,未來六個月展望,PMI0012,(%),46.2
2024-02,66,未來六個月展望,PMI0012,(%),54
2024-03,66,未來六個月展望,PMI0012,(%),56.4
2024-04,66,未來六個月展望,PMI0012,(%),55.2
2024-05,66,未來六個月展望,PMI0012,(%),60.1
2024-06,66,未來六個月展望,PMI0012,(%),59.2
2024-07,66,未來六個月展望,PMI0012,(%),55
2024-08,66,未來六個月展望,PMI0012,(%),52.8
2024-09,66,未來六個月展望,PMI0012,(%),47.5
2024-10,66,未來六個月展望,PMI0012,(%),48.3
2024-11,66,未來六個月展望,PMI0012,(%),47.9
2024-12,66,未來六個月展望,PMI0012,(%),46.1
2025-01,66,未來六個月展望,PMI0012,(%),51.7
2025-02,66,未來六個月展望,PMI0012,(%),54.3
2025-03,66,未來六個月展望,PMI0012,(%),59.1
2025-04,66,未來六個月展望,PMI0012,(%),36
2025-05,66,未來六個月展望,PMI0012,(%),40.9
2025-06,66,未來六個月展望,PMI0012,(%),39.8
2025-07,66,未來六個月展望,PMI0012,(%),38.3
2025-08,66,未來六個月展望,PMI0012,(%),37.6
2025-09,66,未來六個月展望,PMI0012,(%),39.6
2025-10,66,未來六個月展望,PMI0012,(%),41.5
2025-11,66,未來六個月展望,PMI0012,(%),45.4
2025-12,66,未來六個月展望,PMI0012,(%),51
2026-01,66,未來六個月展望,PMI0012,(%),61
2026-02,66,未來六個月展望,PMI0012,(%),64.1
2026-03,66,未來六個月展望,PMI0012,(%),61
2026-04,66,未來六個月展望,PMI0012,(%),63.9
2026-05,66,未來六個月展望,PMI0012,(%),66.8
2026-06,66,未來六個月展望,PMI0012,(%),64.2
2026-07,66,未來六個月展望,PMI0012,(%),64.5
2026-08,66,未來六個月展望,PMI0012,(%),65.2
2026-09,66,未來六個月展望,PMI0012,(%),61.4
2012-07,63,未完成訂單,PMI0009,(%),46.3
2012-08,63,未完成訂單,PMI0009,(%),44.6
2012-09,63,未完成訂單,PMI0009,(%),42.5
2012-10,63,未完成訂單,PMI0009,(%),43.1
2012-11,63,未完成訂單,PMI0009,(%),47
2012-12,63,未完成訂單,PMI0009,(%),46.6
2013-01,63,未完成訂單,PMI0009,(%),53.7
2013-02,63,未完成訂單,PMI0009,(%),50.3
2013-03,63,未完成訂單,PMI0009,(%),56.3
2013-04,63,未完成訂單,PMI0009,(%),50.7
2013-05,63,未完成訂單,PMI0009,(%),49.9
2013-06,63,未完成訂單,PMI0009,(%),46.2
2013-07,63,未完成訂單,PMI0009,(%),47.7
2013-08,63,未完成訂單,PMI0009,(%),46.3
2013-09,63,未完成訂單,PMI0009,(%),45.8
2013-10,63,未完成訂單,PMI0009,(%),47.9
2013-11,63,未完成訂單,PMI0009,(%),45.7
2013-12,63,未完成訂單,PMI0009,(%),46.9
2014-01,63,未完成訂單,PMI0009,(%),52
2014-02,63,未完成訂單,PMI0009,(%),48.7
2014-03,63,未完成訂單,PMI0009,(%),60.1
2014-04,63,未完成訂單,PMI0009,(%),57.3
2014-05,63,未完成訂單,PMI0009,(%),54.6
2014-06,63,未完成訂單,PMI0009,(%),53
2014-07,63,未完成訂單,PMI0009,(%),50.7
2014-08,63,未完成訂單,PMI0009,(%),49.7
2014-09,63,未完成訂單,PMI0009,(%),45.2
2014-10,63,未完成訂單,PMI0009,(%),47
2014-11,63,未完成訂單,PMI0009,(%),44.3
2014-12,63,未完成訂單,PMI0009,(%),43.4
2015-01,63,未完成訂單,PMI0009,(%),50.6
2015-02,63,未完成訂單,PMI0009,(%),48.9
2015-03,63,未完成訂單,PMI0009,(%),52.7
2015-04,63,未完成訂單,PMI0009,(%),50.5
2015-05,63,未完成訂單,PMI0009,(%),47.2
2015-06,63,未完成訂單,PMI0009,(%),42.4
2015-07,63,未完成訂單,PMI0009,(%),42
2015-08,63,未完成訂單,PMI0009,(%),39.4
2015-09,63,未完成訂單,PMI0009,(%),39.8
2015-10,63,未完成訂單,PMI0009,(%),42.5
2015-11,63,未完成訂單,PMI0009,(%),44.5
2015-12,63,未完成訂單,PMI0009,(%),44.1
2016-01,63,未完成訂單,PMI0009,(%),46.4
2016-02,63,未完成訂單,PMI0009,(%),43.1
2016-03,63,未完成訂單,PMI0009,(%),54.3
2016-04,63,未完成訂單,PMI0009,(%),54.4
2016-05,63,未完成訂單,PMI0009,(%),51.9
2016-06,63,未完成訂單,PMI0009,(%),51.7
2016-07,63,未完成訂單,PMI0009,(%),50
2016-08,63,未完成訂單,PMI0009,(%),50.4
2016-09,63,未完成訂單,PMI0009,(%),53.9
2016-10,63,未完成訂單,PMI0009,(%),51.4
2016-11,63,未完成訂單,PMI0009,(%),55.2
2016-12,63,未完成訂單,PMI0009,(%),53.2
2017-01,63,未完成訂單,PMI0009,(%),54.1
2017-02,63,未完成訂單,PMI0009,(%),54.7
2017-03,63,未完成訂單,PMI0009,(%),61.9
2017-04,63,未完成訂單,PMI0009,(%),57.3
2017-05,63,未完成訂單,PMI0009,(%),54.1
2017-06,63,未完成訂單,PMI0009,(%),54
2017-07,63,未完成訂單,PMI0009,(%),56.8
2017-08,63,未完成訂單,PMI0009,(%),52.6
2017-09,63,未完成訂單,PMI0009,(%),55.6
2017-10,63,未完成訂單,PMI0009,(%),54.5
2017-11,63,未完成訂單,PMI0009,(%),54.4
2017-12,63,未完成訂單,PMI0009,(%),54.1
2018-01,63,未完成訂單,PMI0009,(%),53.4
2018-02,63,未完成訂單,PMI0009,(%),51.7
2018-03,63,未完成訂單,PMI0009,(%),62.9
2018-04,63,未完成訂單,PMI0009,(%),55.2
2018-05,63,未完成訂單,PMI0009,(%),53.8
2018-06,63,未完成訂單,PMI0009,(%),54.2
2018-07,63,未完成訂單,PMI0009,(%),48.6
2018-08,63,未完成訂單,PMI0009,(%),49.3
2018-09,63,未完成訂單,PMI0009,(%),49.2
2018-10,63,未完成訂單,PMI0009,(%),43.2
2018-11,63,未完成訂單,PMI0009,(%),41.1
2018-12,63,未完成訂單,PMI0009,(%),36.8
2019-01,63,未完成訂單,PMI0009,(%),42.6
2019-02,63,未完成訂單,PMI0009,(%),42
2019-03,63,未完成訂單,PMI0009,(%),52.8
2019-04,63,未完成訂單,PMI0009,(%),49.9
2019-05,63,未完成訂單,PMI0009,(%),48.4
2019-06,63,未完成訂單,PMI0009,(%),47.8
2019-07,63,未完成訂單,PMI0009,(%),44.8
2019-08,63,未完成訂單,PMI0009,(%),44.2
2019-09,63,未完成訂單,PMI0009,(%),46.9
2019-10,63,未完成訂單,PMI0009,(%),45.9
2019-11,63,未完成訂單,PMI0009,(%),49.1
2019-12,63,未完成訂單,PMI0009,(%),54.6
2020-01,63,未完成訂單,PMI0009,(%),52.9
2020-02,63,未完成訂單,PMI0009,(%),55.9
2020-03,63,未完成訂單,PMI0009,(%),56.4
2020-04,63,未完成訂單,PMI0009,(%),46.8
2020-05,63,未完成訂單,PMI0009,(%),41.2
2020-06,63,未完成訂單,PMI0009,(%),44.2
2020-07,63,未完成訂單,PMI0009,(%),47.3
2020-08,63,未完成訂單,PMI0009,(%),53.5
2020-09,63,未完成訂單,PMI0009,(%),59.1
2020-10,63,未完成訂單,PMI0009,(%),56.7
2020-11,63,未完成訂單,PMI0009,(%),59.6
2020-12,63,未完成訂單,PMI0009,(%),63.3
2021-01,63,未完成訂單,PMI0009,(%),65.2
2021-02,63,未完成訂單,PMI0009,(%),60.6
2021-03,63,未完成訂單,PMI0009,(%),68.9
2021-04,63,未完成訂單,PMI0009,(%),71.5
2021-05,63,未完成訂單,PMI0009,(%),66.4
2021-06,63,未完成訂單,PMI0009,(%),62.1
2021-07,63,未完成訂單,PMI0009,(%),63.5
2021-08,63,未完成訂單,PMI0009,(%),58.7
2021-09,63,未完成訂單,PMI0009,(%),56.1
2021-10,63,未完成訂單,PMI0009,(%),50.3
2021-11,63,未完成訂單,PMI0009,(%),53.5
2021-12,63,未完成訂單,PMI0009,(%),55.5
2022-01,63,未完成訂單,PMI0009,(%),54.8
2022-02,63,未完成訂單,PMI0009,(%),54.2
2022-03,63,未完成訂單,PMI0009,(%),57.3
2022-04,63,未完成訂單,PMI0009,(%),55.7
2022-05,63,未完成訂單,PMI0009,(%),50.2
2022-06,63,未完成訂單,PMI0009,(%),42.9
2022-07,63,未完成訂單,PMI0009,(%),39.2
2022-08,63,未完成訂單,PMI0009,(%),34
2022-09,63,未完成訂單,PMI0009,(%),34.1
2022-10,63,未完成訂單,PMI0009,(%),33.7
2022-11,63,未完成訂單,PMI0009,(%),32
2022-12,63,未完成訂單,PMI0009,(%),35.3
2023-01,63,未完成訂單,PMI0009,(%),35.6
2023-02,63,未完成訂單,PMI0009,(%),41.9
2023-03,63,未完成訂單,PMI0009,(%),41.6
2023-04,63,未完成訂單,PMI0009,(%),41.4
2023-05,63,未完成訂單,PMI0009,(%),37.4
2023-06,63,未完成訂單,PMI0009,(%),40.7
2023-07,63,未完成訂單,PMI0009,(%),38.2
2023-08,63,未完成訂單,PMI0009,(%),42.8
2023-09,63,未完成訂單,PMI0009,(%),43.6
2023-10,63,未完成訂單,PMI0009,(%),41.1
2023-11,63,未完成訂單,PMI0009,(%),41.3
2023-12,63,未完成訂單,PMI0009,(%),43.9
2024-01,63,未完成訂單,PMI0009,(%),43
2024-02,63,未完成訂單,PMI0009,(%),38.3
2024-03,63,未完成訂單,PMI0009,(%),49.4
2024-04,63,未完成訂單,PMI0009,(%),50.2
2024-05,63,未完成訂單,PMI0009,(%),52
2024-06,63,未完成訂單,PMI0009,(%),46.5
2024-07,63,未完成訂單,PMI0009,(%),47.6
2024-08,63,未完成訂單,PMI0009,(%),49.4
2024-09,63,未完成訂單,PMI0009,(%),43.5
2024-10,63,未完成訂單,PMI0009,(%),44.3
2024-11,63,未完成訂單,PMI0009,(%),49.3
2024-12,63,未完成訂單,PMI0009,(%),49.2
2025-01,63,未完成訂單,PMI0009,(%),45.1
2025-02,63,未完成訂單,PMI0009,(%),49.9
2025-03,63,未完成訂單,PMI0009,(%),55
2025-04,63,未完成訂單,PMI0009,(%),48.3
2025-05,63,未完成訂單,PMI0009,(%),48.5
2025-06,63,未完成訂單,PMI0009,(%),45.2
2025-07,63,未完成訂單,PMI0009,(%),42.6
2025-08,63,未完成訂單,PMI0009,(%),41.4
2025-09,63,未完成訂單,PMI0009,(%),41.3
2025-10,63,未完成訂單,PMI0009,(%),42.2
2025-11,63,未完成訂單,PMI0009,(%),43.6
2025-12,63,未完成訂單,PMI0009,(%),50.5
2026-01,63,未完成訂單,PMI0009,(%),58
2026-02,63,未完成訂單,PMI0009,(%),55
2026-03,63,未完成訂單,PMI0009,(%),61.4
2026-04,63,未完成訂單,PMI0009,(%),59.8
2026-05,63,未完成訂單,PMI0009,(%),63.2
2026-06,63,未完成訂單,PMI0009,(%),60.9
2026-07,63,未完成訂單,PMI0009,(%),61.1
2026-08,63,未完成訂單,PMI0009,(%),60.7
2026-09,63,未完成訂單,PMI0009,(%),54.9
2012-07,281,生產數量,PMI0018,,41.8
2012-08,281,生產數量,PMI0018,,48.2
2012-09,281,生產數量,PMI0018,,44.9
2012-10,281,生產數量,PMI0018,,45.9
2012-11,281,生產數量,PMI0018,,51.1
2012-12,281,生產數量,PMI0018,,54.8
2013-01,281,生產數量,PMI0018,,62.6
2013-02,281,生產數量,PMI0018,,44.8
2013-03,281,生產數量,PMI0018,,73.7
2013-04,281,生產數量,PMI0018,,60
2013-05,281,生產數量,PMI0018,,56.3
2013-06,281,生產數量,PMI0018,,55.5
2013-07,281,生產數量,PMI0018,,55.8
2013-08,281,生產數量,PMI0018,,56.4
2013-09,281,生產數量,PMI0018,,55.5
2013-10,281,生產數量,PMI0018,,52.7
2013-11,281,生產數量,PMI0018,,53.6
2013-12,281,生產數量,PMI0018,,58
2014-01,281,生產數量,PMI0018,,56.7
2014-02,281,生產數量,PMI0018,,43.6
2014-03,281,生產數量,PMI0018,,64.6
2014-04,281,生產數量,PMI0018,,66.8
2014-05,281,生產數量,PMI0018,,60.9
2014-06,281,生產數量,PMI0018,,61.7
2014-07,281,生產數量,PMI0018,,62.2
2014-08,281,生產數量,PMI0018,,56
2014-09,281,生產數量,PMI0018,,54.8
2014-10,281,生產數量,PMI0018,,53.4
2014-11,281,生產數量,PMI0018,,48.7
2014-12,281,生產數量,PMI0018,,50.3
2015-01,281,生產數量,PMI0018,,58.5
2015-02,281,生產數量,PMI0018,,39.6
2015-03,281,生產數量,PMI0018,,68.3
2015-04,281,生產數量,PMI0018,,58.8
2015-05,281,生產數量,PMI0018,,53.5
2015-06,281,生產數量,PMI0018,,52.3
2015-07,281,生產數量,PMI0018,,48.9
2015-08,281,生產數量,PMI0018,,43.9
2015-09,281,生產數量,PMI0018,,46.8
2015-10,281,生產數量,PMI0018,,46.4
2015-11,281,生產數量,PMI0018,,45.3
2015-12,281,生產數量,PMI0018,,48.9
2016-01,281,生產數量,PMI0018,,55.3
2016-02,281,生產數量,PMI0018,,29.4
2016-03,281,生產數量,PMI0018,,63.8
2016-04,281,生產數量,PMI0018,,59.3
2016-05,281,生產數量,PMI0018,,57.8
2016-06,281,生產數量,PMI0018,,55.3
2016-07,281,生產數量,PMI0018,,58.3
2016-08,281,生產數量,PMI0018,,57.3
2016-09,281,生產數量,PMI0018,,59.9
2016-10,281,生產數量,PMI0018,,55.7
2016-11,281,生產數量,PMI0018,,60.4
2016-12,281,生產數量,PMI0018,,59.5
2017-01,281,生產數量,PMI0018,,50.3
2017-02,281,生產數量,PMI0018,,49.9
2017-03,281,生產數量,PMI0018,,72.8
2017-04,281,生產數量,PMI0018,,65.2
2017-05,281,生產數量,PMI0018,,60
2017-06,281,生產數量,PMI0018,,57.3
2017-07,281,生產數量,PMI0018,,61.8
2017-08,281,生產數量,PMI0018,,60.9
2017-09,281,生產數量,PMI0018,,60.7
2017-10,281,生產數量,PMI0018,,57.9
2017-11,281,生產數量,PMI0018,,57.7
2017-12,281,生產數量,PMI0018,,62.3
2018-01,281,生產數量,PMI0018,,61.2
2018-02,281,生產數量,PMI0018,,37
2018-03,281,生產數量,PMI0018,,68.2
2018-04,281,生產數量,PMI0018,,65.2
2018-05,281,生產數量,PMI0018,,61.1
2018-06,281,生產數量,PMI0018,,61.2
2018-07,281,生產數量,PMI0018,,58.7
2018-08,281,生產數量,PMI0018,,56.6
2018-09,281,生產數量,PMI0018,,53.1
2018-10,281,生產數量,PMI0018,,50.8
2018-11,281,生產數量,PMI0018,,44.7
2018-12,281,生產數量,PMI0018,,40.8
2019-01,281,生產數量,PMI0018,,49.6
2019-02,281,生產數量,PMI0018,,28.3
2019-03,281,生產數量,PMI0018,,65.5
2019-04,281,生產數量,PMI0018,,61.6
2019-05,281,生產數量,PMI0018,,52.9
2019-06,281,生產數量,PMI0018,,52
2019-07,281,生產數量,PMI0018,,51.5
2019-08,281,生產數量,PMI0018,,51.9
2019-09,281,生產數量,PMI0018,,50.8
2019-10,281,生產數量,PMI0018,,52.3
2019-11,281,生產數量,PMI0018,,56
2019-12,281,生產數量,PMI0018,,57.7
2020-01,281,生產數量,PMI0018,,47
2020-02,281,生產數量,PMI0018,,35.8
2020-03,281,生產數量,PMI0018,,55
2020-04,281,生產數量,PMI0018,,47.9
2020-05,281,生產數量,PMI0018,,39.9
2020-06,281,生產數量,PMI0018,,48.5
2020-07,281,生產數量,PMI0018,,58.1
2020-08,281,生產數量,PMI0018,,59.8
2020-09,281,生產數量,PMI0018,,65.4
2020-10,281,生產數量,PMI0018,,63.6
2020-11,281,生產數量,PMI0018,,64.3
2020-12,281,生產數量,PMI0018,,67.2
2021-01,281,生產數量,PMI0018,,68.4
2021-02,281,生產數量,PMI0018,,46.2
2021-03,281,生產數量,PMI0018,,73.7
2021-04,281,生產數量,PMI0018,,74.7
2021-05,281,生產數量,PMI0018,,65.9
2021-06,281,生產數量,PMI0018,,60.2
2021-07,281,生產數量,PMI0018,,64.9
2021-08,281,生產數量,PMI0018,,60.2
2021-09,281,生產數量,PMI0018,,55.3
2021-10,281,生產數量,PMI0018,,52.5
2021-11,281,生產數量,PMI0018,,59.2
2021-12,281,生產數量,PMI0018,,58.8
2022-01,281,生產數量,PMI0018,,56.6
2022-02,281,生產數量,PMI0018,,42.3
2022-03,281,生產數量,PMI0018,,64.5
2022-04,281,生產數量,PMI0018,,59.5
2022-05,281,生產數量,PMI0018,,50.2
2022-06,281,生產數量,PMI0018,,46.1
2022-07,281,生產數量,PMI0018,,43.2
2022-08,281,生產數量,PMI0018,,40.9
2022-09,281,生產數量,PMI0018,,40.4
2022-10,281,生產數量,PMI0018,,39
2022-11,281,生產數量,PMI0018,,40.9
2022-12,281,生產數量,PMI0018,,44.5
2023-01,281,生產數量,PMI0018,,25.9
2023-02,281,生產數量,PMI0018,,49.6
2023-03,281,生產數量,PMI0018,,58.8
2023-04,281,生產數量,PMI0018,,51.6
2023-05,281,生產數量,PMI0018,,42
2023-06,281,生產數量,PMI0018,,51.2
2023-07,281,生產數量,PMI0018,,48.5
2023-08,281,生產數量,PMI0018,,46.2
2023-09,281,生產數量,PMI0018,,51.3
2023-10,281,生產數量,PMI0018,,46.6
2023-11,281,生產數量,PMI0018,,47.4
2023-12,281,生產數量,PMI0018,,46.3
2024-01,281,生產數量,PMI0018,,50.5
2024-02,281,生產數量,PMI0018,,34.9
2024-03,281,生產數量,PMI0018,,63.5
2024-04,281,生產數量,PMI0018,,57.8
2024-05,281,生產數量,PMI0018,,62.7
2024-06,281,生產數量,PMI0018,,58.3
2024-07,281,生產數量,PMI0018,,55.2
2024-08,281,生產數量,PMI0018,,56.7
2024-09,281,生產數量,PMI0018,,47.4
2024-10,281,生產數量,PMI0018,,47.2
2024-11,281,生產數量,PMI0018,,52.7
2024-12,281,生產數量,PMI0018,,52.7
2025-01,281,生產數量,PMI0018,,44.7
2025-02,281,生產數量,PMI0018,,53.2
2025-03,281,生產數量,PMI0018,,65.7
2025-04,281,生產數量,PMI0018,,55.2
2025-05,281,生產數量,PMI0018,,54.3
2025-06,281,生產數量,PMI0018,,51.4
2025-07,281,生產數量,PMI0018,,46
2025-08,281,生產數量,PMI0018,,45.6
2025-09,281,生產數量,PMI0018,,46.4
2025-10,281,生產數量,PMI0018,,47.7
2025-11,281,生產數量,PMI0018,,48
2025-12,281,生產數量,PMI0018,,57.7
2026-01,281,生產數量,PMI0018,,64
2026-02,281,生產數量,PMI0018,,43
2026-03,281,生產數量,PMI0018,,67.4
2026-04,281,生產數量,PMI0018,,66.6
2026-05,281,生產數量,PMI0018,,64.7
2026-06,281,生產數量,PMI0018,,62.6
2026-07,281,生產數量,PMI0018,,62.4
2026-08,281,生產數量,PMI0018,,61.8
2026-09,281,生產數量,PMI0018,,60.5
2012-07,57,生產數量(季調值),PMI0003,(%),41.6
2012-08,57,生產數量(季調值),PMI0003,(%),49.8
2012-09,57,生產數量(季調值),PMI0003,(%),50.3
2012-10,57,生產數量(季調值),PMI0003,(%),52.6
2012-11,57,生產數量(季調值),PMI0003,(%),55.7
2012-12,57,生產數量(季調值),PMI0003,(%),63
2013-01,57,生產數量(季調值),PMI0003,(%),54
2013-02,57,生產數量(季調值),PMI0003,(%),60.2
2013-03,57,生產數量(季調值),PMI0003,(%),48.3
2013-04,57,生產數量(季調值),PMI0003,(%),51.2
2013-05,57,生產數量(季調值),PMI0003,(%),51.6
2013-06,57,生產數量(季調值),PMI0003,(%),53.1
2013-07,57,生產數量(季調值),PMI0003,(%),57.2
2013-08,57,生產數量(季調值),PMI0003,(%),57.8
2013-09,57,生產數量(季調值),PMI0003,(%),60.8
2013-10,57,生產數量(季調值),PMI0003,(%),58.5
2013-11,57,生產數量(季調值),PMI0003,(%),58.5
2013-12,57,生產數量(季調值),PMI0003,(%),57.3
2014-01,57,生產數量(季調值),PMI0003,(%),50.3
2014-02,57,生產數量(季調值),PMI0003,(%),64.5
2014-03,57,生產數量(季調值),PMI0003,(%),56.2
2014-04,57,生產數量(季調值),PMI0003,(%),58.6
2014-05,57,生產數量(季調值),PMI0003,(%),56.2
2014-06,57,生產數量(季調值),PMI0003,(%),59.2
2014-07,57,生產數量(季調值),PMI0003,(%),63
2014-08,57,生產數量(季調值),PMI0003,(%),57.1
2014-09,57,生產數量(季調值),PMI0003,(%),57
2014-10,57,生產數量(季調值),PMI0003,(%),58.2
2014-11,57,生產數量(季調值),PMI0003,(%),56.5
2014-12,57,生產數量(季調值),PMI0003,(%),55.7
2015-01,57,生產數量(季調值),PMI0003,(%),57.3
2015-02,57,生產數量(季調值),PMI0003,(%),57
2015-03,57,生產數量(季調值),PMI0003,(%),49.2
2015-04,57,生產數量(季調值),PMI0003,(%),46
2015-05,57,生產數量(季調值),PMI0003,(%),47.8
2015-06,57,生產數量(季調值),PMI0003,(%),47
2015-07,57,生產數量(季調值),PMI0003,(%),48.9
2015-08,57,生產數量(季調值),PMI0003,(%),49.4
2015-09,57,生產數量(季調值),PMI0003,(%),49.4
2015-10,57,生產數量(季調值),PMI0003,(%),50.5
2015-11,57,生產數量(季調值),PMI0003,(%),52.2
2015-12,57,生產數量(季調值),PMI0003,(%),53.4
2016-01,57,生產數量(季調值),PMI0003,(%),45.4
2016-02,57,生產數量(季調值),PMI0003,(%),47.6
2016-03,57,生產數量(季調值),PMI0003,(%),43.3
2016-04,57,生產數量(季調值),PMI0003,(%),50.5
2016-05,57,生產數量(季調值),PMI0003,(%),51.9
2016-06,57,生產數量(季調值),PMI0003,(%),53.6
2016-07,57,生產數量(季調值),PMI0003,(%),57.2
2016-08,57,生產數量(季調值),PMI0003,(%),59.7
2016-09,57,生產數量(季調值),PMI0003,(%),60.8
2016-10,57,生產數量(季調值),PMI0003,(%),63.5
2016-11,57,生產數量(季調值),PMI0003,(%),63.5
2016-12,57,生產數量(季調值),PMI0003,(%),57.4
2017-01,57,生產數量(季調值),PMI0003,(%),42.2
2017-02,57,生產數量(季調值),PMI0003,(%),75.7
2017-03,57,生產數量(季調值),PMI0003,(%),65.9
2017-04,57,生產數量(季調值),PMI0003,(%),58.9
2017-05,57,生產數量(季調值),PMI0003,(%),55.2
2017-06,57,生產數量(季調值),PMI0003,(%),50.5
2017-07,57,生產數量(季調值),PMI0003,(%),64.9
2017-08,57,生產數量(季調值),PMI0003,(%),62.4
2017-09,57,生產數量(季調值),PMI0003,(%),62.6
2017-10,57,生產數量(季調值),PMI0003,(%),61.1
2017-11,57,生產數量(季調值),PMI0003,(%),64
2017-12,57,生產數量(季調值),PMI0003,(%),65.9
2018-01,57,生產數量(季調值),PMI0003,(%),61.6
2018-02,57,生產數量(季調值),PMI0003,(%),60.1
2018-03,57,生產數量(季調值),PMI0003,(%),48.6
2018-04,57,生產數量(季調值),PMI0003,(%),54
2018-05,57,生產數量(季調值),PMI0003,(%),54.9
2018-06,57,生產數量(季調值),PMI0003,(%),55.1
2018-07,57,生產數量(季調值),PMI0003,(%),57.1
2018-08,57,生產數量(季調值),PMI0003,(%),57.3
2018-09,57,生產數量(季調值),PMI0003,(%),57.9
2018-10,57,生產數量(季調值),PMI0003,(%),55.3
2018-11,57,生產數量(季調值),PMI0003,(%),45.8
2018-12,57,生產數量(季調值),PMI0003,(%),47.1
2019-01,57,生產數量(季調值),PMI0003,(%),43.1
2019-02,57,生產數量(季調值),PMI0003,(%),46.1
2019-03,57,生產數量(季調值),PMI0003,(%),50.2
2019-04,57,生產數量(季調值),PMI0003,(%),51.9
2019-05,57,生產數量(季調值),PMI0003,(%),46.5
2019-06,57,生產數量(季調值),PMI0003,(%),49.7
2019-07,57,生產數量(季調值),PMI0003,(%),50.3
2019-08,57,生產數量(季調值),PMI0003,(%),51.7
2019-09,57,生產數量(季調值),PMI0003,(%),51.9
2019-10,57,生產數量(季調值),PMI0003,(%),55.4
2019-11,57,生產數量(季調值),PMI0003,(%),60.4
2019-12,57,生產數量(季調值),PMI0003,(%),59.9
2020-01,57,生產數量(季調值),PMI0003,(%),41.7
2020-02,57,生產數量(季調值),PMI0003,(%),48.6
2020-03,57,生產數量(季調值),PMI0003,(%),49.5
2020-04,57,生產數量(季調值),PMI0003,(%),40.2
2020-05,57,生產數量(季調值),PMI0003,(%),36.8
2020-06,57,生產數量(季調值),PMI0003,(%),45.3
2020-07,57,生產數量(季調值),PMI0003,(%),58.25673734
2020-08,57,生產數量(季調值),PMI0003,(%),59.2
2020-09,57,生產數量(季調值),PMI0003,(%),61.3
2020-10,57,生產數量(季調值),PMI0003,(%),63.72209703
2020-11,57,生產數量(季調值),PMI0003,(%),66.5
2020-12,57,生產數量(季調值),PMI0003,(%),66.9
2021-01,57,生產數量(季調值),PMI0003,(%),67.7
2021-02,57,生產數量(季調值),PMI0003,(%),63.9
2021-03,57,生產數量(季調值),PMI0003,(%),59.2
2021-04,57,生產數量(季調值),PMI0003,(%),70.9
2021-05,57,生產數量(季調值),PMI0003,(%),65.84040424
2021-06,57,生產數量(季調值),PMI0003,(%),63.8
2021-07,57,生產數量(季調值),PMI0003,(%),66.9
2021-08,57,生產數量(季調值),PMI0003,(%),62.9
2021-09,57,生產數量(季調值),PMI0003,(%),57
2021-10,57,生產數量(季調值),PMI0003,(%),55.9
2021-11,57,生產數量(季調值),PMI0003,(%),60.5
2021-12,57,生產數量(季調值),PMI0003,(%),60.2
2022-01,57,生產數量(季調值),PMI0003,(%),49.8
2022-02,57,生產數量(季調值),PMI0003,(%),59.5
2022-03,57,生產數量(季調值),PMI0003,(%),55.2
2022-04,57,生產數量(季調值),PMI0003,(%),50.2
2022-05,57,生產數量(季調值),PMI0003,(%),47.9
2022-06,57,生產數量(季調值),PMI0003,(%),51.6
2022-07,57,生產數量(季調值),PMI0003,(%),43.8
2022-08,57,生產數量(季調值),PMI0003,(%),44.4
2022-09,57,生產數量(季調值),PMI0003,(%),43.8
2022-10,57,生產數量(季調值),PMI0003,(%),44.6
2022-11,57,生產數量(季調值),PMI0003,(%),42.8
2022-12,57,生產數量(季調值),PMI0003,(%),42.7
2023-01,57,生產數量(季調值),PMI0003,(%),32.1
2023-02,57,生產數量(季調值),PMI0003,(%),62.4
2023-03,57,生產數量(季調值),PMI0003,(%),52
2023-04,57,生產數量(季調值),PMI0003,(%),38.5
2023-05,57,生產數量(季調值),PMI0003,(%),36.9
2023-06,57,生產數量(季調值),PMI0003,(%),50.9
2023-07,57,生產數量(季調值),PMI0003,(%),47
2023-08,57,生產數量(季調值),PMI0003,(%),46.7
2023-09,57,生產數量(季調值),PMI0003,(%),52.9
2023-10,57,生產數量(季調值),PMI0003,(%),49.4
2023-11,57,生產數量(季調值),PMI0003,(%),48.2
2023-12,57,生產數量(季調值),PMI0003,(%),47.3
2024-01,57,生產數量(季調值),PMI0003,(%),51.3
2024-02,57,生產數量(季調值),PMI0003,(%),51.5
2024-03,57,生產數量(季調值),PMI0003,(%),47.3
2024-04,57,生產數量(季調值),PMI0003,(%),50.1
2024-05,57,生產數量(季調值),PMI0003,(%),61
2024-06,57,生產數量(季調值),PMI0003,(%),56.4
2024-07,57,生產數量(季調值),PMI0003,(%),53.9
2024-08,57,生產數量(季調值),PMI0003,(%),57.4
2024-09,57,生產數量(季調值),PMI0003,(%),46.8
2024-10,57,生產數量(季調值),PMI0003,(%),50.5
2024-11,57,生產數量(季調值),PMI0003,(%),54.5
2024-12,57,生產數量(季調值),PMI0003,(%),52.1
2025-01,57,生產數量(季調值),PMI0003,(%),45
2025-02,57,生產數量(季調值),PMI0003,(%),59.9
2025-03,57,生產數量(季調值),PMI0003,(%),55.8
2025-04,57,生產數量(季調值),PMI0003,(%),47.5
2025-05,57,生產數量(季調值),PMI0003,(%),50.8
2025-06,57,生產數量(季調值),PMI0003,(%),47
2025-07,57,生產數量(季調值),PMI0003,(%),45.1
2025-08,57,生產數量(季調值),PMI0003,(%),46
2025-09,57,生產數量(季調值),PMI0003,(%),48.7
2025-10,57,生產數量(季調值),PMI0003,(%),53.2
2025-11,57,生產數量(季調值),PMI0003,(%),50.9
2025-12,57,生產數量(季調值),PMI0003,(%),58.6
2026-01,57,生產數量(季調值),PMI0003,(%),58.5
2026-02,57,生產數量(季調值),PMI0003,(%),59.8
2026-03,57,生產數量(季調值),PMI0003,(%),48.3
2026-04,57,生產數量(季調值),PMI0003,(%),57.4
2026-05,57,生產數量(季調值),PMI0003,(%),57.9
2026-06,57,生產數量(季調值),PMI0003,(%),58.7
2026-07,57,生產數量(季調值),PMI0003,(%),62.7
2026-08,57,生產數量(季調值),PMI0003,(%),65.2
2026-09,57,生產數量(季調值),PMI0003,(%),65.6
2012-07,279,製造業PMI,PMI0016,,47.3
2012-08,279,製造業PMI,PMI0016,,47.6
2012-09,279,製造業PMI,PMI0016,,47.7
2012-10,279,製造業PMI,PMI0016,,46.7
2012-11,279,製造業PMI,PMI0016,,49.6
2012-12,279,製造業PMI,PMI0016,,51.3
2013-01,279,製造業PMI,PMI0016,,57.7
2013-02,279,製造業PMI,PMI0016,,50
2013-03,279,製造業PMI,PMI0016,,62.4
2013-04,279,製造業PMI,PMI0016,,56.8
2013-05,279,製造業PMI,PMI0016,,55.3
2013-06,279,製造業PMI,PMI0016,,53.6
2013-07,279,製造業PMI,PMI0016,,52.6
2013-08,279,製造業PMI,PMI0016,,52.6
2013-09,279,製造業PMI,PMI0016,,52.6
2013-10,279,製造業PMI,PMI0016,,51.6
2013-11,279,製造業PMI,PMI0016,,52
2013-12,279,製造業PMI,PMI0016,,53.6
2014-01,279,製造業PMI,PMI0016,,54.1
2014-02,279,製造業PMI,PMI0016,,50.3
2014-03,279,製造業PMI,PMI0016,,60.6
2014-04,279,製造業PMI,PMI0016,,60.2
2014-05,279,製造業PMI,PMI0016,,58.6
2014-06,279,製造業PMI,PMI0016,,58.2
2014-07,279,製造業PMI,PMI0016,,58.5
2014-08,279,製造業PMI,PMI0016,,55.4
2014-09,279,製造業PMI,PMI0016,,53.3
2014-10,279,製造業PMI,PMI0016,,51.5
2014-11,279,製造業PMI,PMI0016,,49.2
2014-12,279,製造業PMI,PMI0016,,50.1
2015-01,279,製造業PMI,PMI0016,,53.5
2015-02,279,製造業PMI,PMI0016,,47.8
2015-03,279,製造業PMI,PMI0016,,59.1
2015-04,279,製造業PMI,PMI0016,,54.7
2015-05,279,製造業PMI,PMI0016,,51.1
2015-06,279,製造業PMI,PMI0016,,50.8
2015-07,279,製造業PMI,PMI0016,,48.6
2015-08,279,製造業PMI,PMI0016,,45
2015-09,279,製造業PMI,PMI0016,,46.1
2015-10,279,製造業PMI,PMI0016,,46
2015-11,279,製造業PMI,PMI0016,,45.1
2015-12,279,製造業PMI,PMI0016,,46.6
2016-01,279,製造業PMI,PMI0016,,51.3
2016-02,279,製造業PMI,PMI0016,,41.4
2016-03,279,製造業PMI,PMI0016,,54.9
2016-04,279,製造業PMI,PMI0016,,54.6
2016-05,279,製造業PMI,PMI0016,,54.9
2016-06,279,製造業PMI,PMI0016,,53.3
2016-07,279,製造業PMI,PMI0016,,54.2
2016-08,279,製造業PMI,PMI0016,,55
2016-09,279,製造業PMI,PMI0016,,56.5
2016-10,279,製造業PMI,PMI0016,,54.5
2016-11,279,製造業PMI,PMI0016,,57.3
2016-12,279,製造業PMI,PMI0016,,55.9
2017-01,279,製造業PMI,PMI0016,,53.4
2017-02,279,製造業PMI,PMI0016,,55.8
2017-03,279,製造業PMI,PMI0016,,65.2
2017-04,279,製造業PMI,PMI0016,,61
2017-05,279,製造業PMI,PMI0016,,58.7
2017-06,279,製造業PMI,PMI0016,,57.6
2017-07,279,製造業PMI,PMI0016,,59
2017-08,279,製造業PMI,PMI0016,,58.8
2017-09,279,製造業PMI,PMI0016,,58.7
2017-10,279,製造業PMI,PMI0016,,57.7
2017-11,279,製造業PMI,PMI0016,,57.2
2017-12,279,製造業PMI,PMI0016,,58
2018-01,279,製造業PMI,PMI0016,,59
2018-02,279,製造業PMI,PMI0016,,50.4
2018-03,279,製造業PMI,PMI0016,,63.6
2018-04,279,製造業PMI,PMI0016,,60.9
2018-05,279,製造業PMI,PMI0016,,59.1
2018-06,279,製造業PMI,PMI0016,,58.3
2018-07,279,製造業PMI,PMI0016,,56.1
2018-08,279,製造業PMI,PMI0016,,55.2
2018-09,279,製造業PMI,PMI0016,,53.1
2018-10,279,製造業PMI,PMI0016,,49.6
2018-11,279,製造業PMI,PMI0016,,45.5
2018-12,279,製造業PMI,PMI0016,,43.3
2019-01,279,製造業PMI,PMI0016,,46.6
2019-02,279,製造業PMI,PMI0016,,41.3
2019-03,279,製造業PMI,PMI0016,,55.1
2019-04,279,製造業PMI,PMI0016,,56
2019-05,279,製造業PMI,PMI0016,,51
2019-06,279,製造業PMI,PMI0016,,49.1
2019-07,279,製造業PMI,PMI0016,,48.8
2019-08,279,製造業PMI,PMI0016,,48.5
2019-09,279,製造業PMI,PMI0016,,50.1
2019-10,279,製造業PMI,PMI0016,,49.9
2019-11,279,製造業PMI,PMI0016,,52.7
2019-12,279,製造業PMI,PMI0016,,54.7
2020-01,279,製造業PMI,PMI0016,,51
2020-02,279,製造業PMI,PMI0016,,46.8
2020-03,279,製造業PMI,PMI0016,,55.7
2020-04,279,製造業PMI,PMI0016,,50.4
2020-05,279,製造業PMI,PMI0016,,46
2020-06,279,製造業PMI,PMI0016,,48.3
2020-07,279,製造業PMI,PMI0016,,54
2020-08,279,製造業PMI,PMI0016,,56.1
2020-09,279,製造業PMI,PMI0016,,59.9
2020-10,279,製造業PMI,PMI0016,,59.1
2020-11,279,製造業PMI,PMI0016,,60.6
2020-12,279,製造業PMI,PMI0016,,61.6
2021-01,279,製造業PMI,PMI0016,,65.3
2021-02,279,製造業PMI,PMI0016,,57
2021-03,279,製造業PMI,PMI0016,,69.1
2021-04,279,製造業PMI,PMI0016,,70.3
2021-05,279,製造業PMI,PMI0016,,66.3
2021-06,279,製造業PMI,PMI0016,,62.3
2021-07,279,製造業PMI,PMI0016,,64.5
2021-08,279,製造業PMI,PMI0016,,61.1
2021-09,279,製造業PMI,PMI0016,,57.6
2021-10,279,製造業PMI,PMI0016,,56.7
2021-11,279,製造業PMI,PMI0016,,58.7
2021-12,279,製造業PMI,PMI0016,,58.6
2022-01,279,製造業PMI,PMI0016,,58
2022-02,279,製造業PMI,PMI0016,,53.3
2022-03,279,製造業PMI,PMI0016,,61.9
2022-04,279,製造業PMI,PMI0016,,59.7
2022-05,279,製造業PMI,PMI0016,,54.6
2022-06,279,製造業PMI,PMI0016,,50.8
2022-07,279,製造業PMI,PMI0016,,47.5
2022-08,279,製造業PMI,PMI0016,,45.6
2022-09,279,製造業PMI,PMI0016,,43.4
2022-10,279,製造業PMI,PMI0016,,42.7
2022-11,279,製造業PMI,PMI0016,,42.6
2022-12,279,製造業PMI,PMI0016,,43.8
2023-01,279,製造業PMI,PMI0016,,38.1
2023-02,279,製造業PMI,PMI0016,,47.9
2023-03,279,製造業PMI,PMI0016,,50.8
2023-04,279,製造業PMI,PMI0016,,47.2
2023-05,279,製造業PMI,PMI0016,,43
2023-06,279,製造業PMI,PMI0016,,48
2023-07,279,製造業PMI,PMI0016,,46.7
2023-08,279,製造業PMI,PMI0016,,45
2023-09,279,製造業PMI,PMI0016,,47.6
2023-10,279,製造業PMI,PMI0016,,45.6
2023-11,279,製造業PMI,PMI0016,,46.4
2023-12,279,製造業PMI,PMI0016,,46.5
2024-01,279,製造業PMI,PMI0016,,47.9
2024-02,279,製造業PMI,PMI0016,,42.2
2024-03,279,製造業PMI,PMI0016,,54
2024-04,279,製造業PMI,PMI0016,,52.4
2024-05,279,製造業PMI,PMI0016,,56.3
2024-06,279,製造業PMI,PMI0016,,54.1
2024-07,279,製造業PMI,PMI0016,,52.9
2024-08,279,製造業PMI,PMI0016,,53.2
2024-09,279,製造業PMI,PMI0016,,49
2024-10,279,製造業PMI,PMI0016,,48.4
2024-11,279,製造業PMI,PMI0016,,50.6
2024-12,279,製造業PMI,PMI0016,,50.9
2025-01,279,製造業PMI,PMI0016,,47.7
2025-02,279,製造業PMI,PMI0016,,52.5
2025-03,279,製造業PMI,PMI0016,,58.1
2025-04,279,製造業PMI,PMI0016,,51.7
2025-05,279,製造業PMI,PMI0016,,52.5
2025-06,279,製造業PMI,PMI0016,,50.8
2025-07,279,製造業PMI,PMI0016,,48.5
2025-08,279,製造業PMI,PMI0016,,47.5
2025-09,279,製造業PMI,PMI0016,,47
2025-10,279,製造業PMI,PMI0016,,47.9
2025-11,279,製造業PMI,PMI0016,,50.2
2025-12,279,製造業PMI,PMI0016,,54.8
2026-01,279,製造業PMI,PMI0016,,59.4
2026-02,279,製造業PMI,PMI0016,,52.3
2026-03,279,製造業PMI,PMI0016,,62.9
2026-04,279,製造業PMI,PMI0016,,64.2
2026-05,279,製造業PMI,PMI0016,,64.3
2026-06,279,製造業PMI,PMI0016,,62.3
2026-07,279,製造業PMI,PMI0016,,61.7
2026-08,279,製造業PMI,PMI0016,,61.5
2026-09,279,製造業PMI,PMI0016,,60.9
2012-07,55,製造業PMI(季調值),PMI0001,(%),47.1
2012-08,55,製造業PMI(季調值),PMI0001,(%),48.2
2012-09,55,製造業PMI(季調值),PMI0001,(%),49.9
2012-10,55,製造業PMI(季調值),PMI0001,(%),49.3
2012-11,55,製造業PMI(季調值),PMI0001,(%),51.7
2012-12,55,製造業PMI(季調值),PMI0001,(%),55
2013-01,55,製造業PMI(季調值),PMI0001,(%),55.9
2013-02,55,製造業PMI(季調值),PMI0001,(%),54.5
2013-03,55,製造業PMI(季調值),PMI0001,(%),52.9
2013-04,55,製造業PMI(季調值),PMI0001,(%),53
2013-05,55,製造業PMI(季調值),PMI0001,(%),53
2013-06,55,製造業PMI(季調值),PMI0001,(%),52.8
2013-07,55,製造業PMI(季調值),PMI0001,(%),52.8
2013-08,55,製造業PMI(季調值),PMI0001,(%),53.3
2013-09,55,製造業PMI(季調值),PMI0001,(%),54.5
2013-10,55,製造業PMI(季調值),PMI0001,(%),53.8
2013-11,55,製造業PMI(季調值),PMI0001,(%),54.5
2013-12,55,製造業PMI(季調值),PMI0001,(%),54
2014-01,55,製造業PMI(季調值),PMI0001,(%),53.8
2014-02,55,製造業PMI(季調值),PMI0001,(%),56
2014-03,55,製造業PMI(季調值),PMI0001,(%),56.2
2014-04,55,製造業PMI(季調值),PMI0001,(%),56.5
2014-05,55,製造業PMI(季調值),PMI0001,(%),56.4
2014-06,55,製造業PMI(季調值),PMI0001,(%),57.2
2014-07,55,製造業PMI(季調值),PMI0001,(%),58.5
2014-08,55,製造業PMI(季調值),PMI0001,(%),56
2014-09,55,製造業PMI(季調值),PMI0001,(%),54
2014-10,55,製造業PMI(季調值),PMI0001,(%),53.3
2014-11,55,製造業PMI(季調值),PMI0001,(%),52.8
2014-12,55,製造業PMI(季調值),PMI0001,(%),52.5
2015-01,55,製造業PMI(季調值),PMI0001,(%),53.4
2015-02,55,製造業PMI(季調值),PMI0001,(%),53.7
2015-03,55,製造業PMI(季調值),PMI0001,(%),51.5
2015-04,55,製造業PMI(季調值),PMI0001,(%),49.8
2015-05,55,製造業PMI(季調值),PMI0001,(%),48.8
2015-06,55,製造業PMI(季調值),PMI0001,(%),48.6
2015-07,55,製造業PMI(季調值),PMI0001,(%),48.3
2015-08,55,製造業PMI(季調值),PMI0001,(%),47
2015-09,55,製造業PMI(季調值),PMI0001,(%),46.8
2015-10,55,製造業PMI(季調值),PMI0001,(%),47.6
2015-11,55,製造業PMI(季調值),PMI0001,(%),48.2
2015-12,55,製造業PMI(季調值),PMI0001,(%),48.7
2016-01,55,製造業PMI(季調值),PMI0001,(%),49.6
2016-02,55,製造業PMI(季調值),PMI0001,(%),48.3
2016-03,55,製造業PMI(季調值),PMI0001,(%),47.1
2016-04,55,製造業PMI(季調值),PMI0001,(%),50.8
2016-05,55,製造業PMI(季調值),PMI0001,(%),52.3
2016-06,55,製造業PMI(季調值),PMI0001,(%),52.4
2016-07,55,製造業PMI(季調值),PMI0001,(%),53.8
2016-08,55,製造業PMI(季調值),PMI0001,(%),55.5
2016-09,55,製造業PMI(季調值),PMI0001,(%),56.5
2016-10,55,製造業PMI(季調值),PMI0001,(%),57.5
2016-11,55,製造業PMI(季調值),PMI0001,(%),59.1
2016-12,55,製造業PMI(季調值),PMI0001,(%),55.9
2017-01,55,製造業PMI(季調值),PMI0001,(%),53.1
2017-02,55,製造業PMI(季調值),PMI0001,(%),63.7
2017-03,55,製造業PMI(季調值),PMI0001,(%),61
2017-04,55,製造業PMI(季調值),PMI0001,(%),58.4
2017-05,55,製造業PMI(季調值),PMI0001,(%),56.3
2017-06,55,製造業PMI(季調值),PMI0001,(%),54.8
2017-07,55,製造業PMI(季調值),PMI0001,(%),60
2017-08,55,製造業PMI(季調值),PMI0001,(%),58.9
2017-09,55,製造業PMI(季調值),PMI0001,(%),59
2017-10,55,製造業PMI(季調值),PMI0001,(%),58.9
2017-11,55,製造業PMI(季調值),PMI0001,(%),60.1
2017-12,55,製造業PMI(季調值),PMI0001,(%),60.2
2018-01,55,製造業PMI(季調值),PMI0001,(%),59.7
2018-02,55,製造業PMI(季調值),PMI0001,(%),58.7
2018-03,55,製造業PMI(季調值),PMI0001,(%),56.1
2018-04,55,製造業PMI(季調值),PMI0001,(%),56.5
2018-05,55,製造業PMI(季調值),PMI0001,(%),56.2
2018-06,55,製造業PMI(季調值),PMI0001,(%),55.8
2018-07,55,製造業PMI(季調值),PMI0001,(%),55.3
2018-08,55,製造業PMI(季調值),PMI0001,(%),54.9
2018-09,55,製造業PMI(季調值),PMI0001,(%),54.6
2018-10,55,製造業PMI(季調值),PMI0001,(%),51.2
2018-11,55,製造業PMI(季調值),PMI0001,(%),46.7
2018-12,55,製造業PMI(季調值),PMI0001,(%),46.5
2019-01,55,製造業PMI(季調值),PMI0001,(%),46.1
2019-02,55,製造業PMI(季調值),PMI0001,(%),47.4
2019-03,55,製造業PMI(季調值),PMI0001,(%),49.1
2019-04,55,製造業PMI(季調值),PMI0001,(%),51.7
2019-05,55,製造業PMI(季調值),PMI0001,(%),48.2
2019-06,55,製造業PMI(季調值),PMI0001,(%),48.1
2019-07,55,製造業PMI(季調值),PMI0001,(%),48
2019-08,55,製造業PMI(季調值),PMI0001,(%),48.2
2019-09,55,製造業PMI(季調值),PMI0001,(%),50
2019-10,55,製造業PMI(季調值),PMI0001,(%),51.1
2019-11,55,製造業PMI(季調值),PMI0001,(%),54.9
2019-12,55,製造業PMI(季調值),PMI0001,(%),56.2
2020-01,55,製造業PMI(季調值),PMI0001,(%),51.3
2020-02,55,製造業PMI(季調值),PMI0001,(%),52.7
2020-03,55,製造業PMI(季調值),PMI0001,(%),53.1
2020-04,55,製造業PMI(季調值),PMI0001,(%),47.6
2020-05,55,製造業PMI(季調值),PMI0001,(%),44.8
2020-06,55,製造業PMI(季調值),PMI0001,(%),47.2
2020-07,55,製造業PMI(季調值),PMI0001,(%),54.12332795
2020-08,55,製造業PMI(季調值),PMI0001,(%),56
2020-09,55,製造業PMI(季調值),PMI0001,(%),57.7
2020-10,55,製造業PMI(季調值),PMI0001,(%),59.29363244
2020-11,55,製造業PMI(季調值),PMI0001,(%),61.2
2020-12,55,製造業PMI(季調值),PMI0001,(%),61.3
2021-01,55,製造業PMI(季調值),PMI0001,(%),65.1
2021-02,55,製造業PMI(季調值),PMI0001,(%),63.2
2021-03,55,製造業PMI(季調值),PMI0001,(%),62.7
2021-04,55,製造業PMI(季調值),PMI0001,(%),68.7
2021-05,55,製造業PMI(季調值),PMI0001,(%),66.03679126
2021-06,55,製造業PMI(季調值),PMI0001,(%),64
2021-07,55,製造業PMI(季調值),PMI0001,(%),65.2
2021-08,55,製造業PMI(季調值),PMI0001,(%),62.1
2021-09,55,製造業PMI(季調值),PMI0001,(%),57.8
2021-10,55,製造業PMI(季調值),PMI0001,(%),58.3
2021-11,55,製造業PMI(季調值),PMI0001,(%),59.5
2021-12,55,製造業PMI(季調值),PMI0001,(%),59.3
2022-01,55,製造業PMI(季調值),PMI0001,(%),56.2
2022-02,55,製造業PMI(季調值),PMI0001,(%),58.8
2022-03,55,製造業PMI(季調值),PMI0001,(%),57.8
2022-04,55,製造業PMI(季調值),PMI0001,(%),56.3
2022-05,55,製造業PMI(季調值),PMI0001,(%),53.5
2022-06,55,製造業PMI(季調值),PMI0001,(%),53.6
2022-07,55,製造業PMI(季調值),PMI0001,(%),47.8
2022-08,55,製造業PMI(季調值),PMI0001,(%),47.2
2022-09,55,製造業PMI(季調值),PMI0001,(%),44.9
2022-10,55,製造業PMI(季調值),PMI0001,(%),45.4
2022-11,55,製造業PMI(季調值),PMI0001,(%),43.9
2022-12,55,製造業PMI(季調值),PMI0001,(%),43.7
2023-01,55,製造業PMI(季調值),PMI0001,(%),40.4
2023-02,55,製造業PMI(季調值),PMI0001,(%),51.4
2023-03,55,製造業PMI(季調值),PMI0001,(%),47.3
2023-04,55,製造業PMI(季調值),PMI0001,(%),42.8
2023-05,55,製造業PMI(季調值),PMI0001,(%),41.3
2023-06,55,製造業PMI(季調值),PMI0001,(%),48.3
2023-07,55,製造業PMI(季調值),PMI0001,(%),46.1
2023-08,55,製造業PMI(季調值),PMI0001,(%),45.5
2023-09,55,製造業PMI(季調值),PMI0001,(%),48.2
2023-10,55,製造業PMI(季調值),PMI0001,(%),47.1
2023-11,55,製造業PMI(季調值),PMI0001,(%),46.8
2023-12,55,製造業PMI(季調值),PMI0001,(%),46.8
2024-01,55,製造業PMI(季調值),PMI0001,(%),48
2024-02,55,製造業PMI(季調值),PMI0001,(%),48.1
2024-03,55,製造業PMI(季調值),PMI0001,(%),47.9
2024-04,55,製造業PMI(季調值),PMI0001,(%),49.4
2024-05,55,製造業PMI(季調值),PMI0001,(%),55.4
2024-06,55,製造業PMI(季調值),PMI0001,(%),53.7
2024-07,55,製造業PMI(季調值),PMI0001,(%),52.2
2024-08,55,製造業PMI(季調值),PMI0001,(%),53.6
2024-09,55,製造業PMI(季調值),PMI0001,(%),49.2
2024-10,55,製造業PMI(季調值),PMI0001,(%),50
2024-11,55,製造業PMI(季調值),PMI0001,(%),51.4
2024-12,55,製造業PMI(季調值),PMI0001,(%),50.8
2025-01,55,製造業PMI(季調值),PMI0001,(%),48.7
2025-02,55,製造業PMI(季調值),PMI0001,(%),54
2025-03,55,製造業PMI(季調值),PMI0001,(%),54.2
2025-04,55,製造業PMI(季調值),PMI0001,(%),48.9
2025-05,55,製造業PMI(季調值),PMI0001,(%),51
2025-06,55,製造業PMI(季調值),PMI0001,(%),49.6
2025-07,55,製造業PMI(季調值),PMI0001,(%),48
2025-08,55,製造業PMI(季調值),PMI0001,(%),47.9
2025-09,55,製造業PMI(季調值),PMI0001,(%),48.3
2025-10,55,製造業PMI(季調值),PMI0001,(%),50.3
2025-11,55,製造業PMI(季調值),PMI0001,(%),51.4
2025-12,55,製造業PMI(季調值),PMI0001,(%),55.3
2026-01,55,製造業PMI(季調值),PMI0001,(%),57.2
2026-02,55,製造業PMI(季調值),PMI0001,(%),58.5
2026-03,55,製造業PMI(季調值),PMI0001,(%),55.4
2026-04,55,製造業PMI(季調值),PMI0001,(%),60.3
2026-05,55,製造業PMI(季調值),PMI0001,(%),61.4
2026-06,55,製造業PMI(季調值),PMI0001,(%),60.7
2026-07,55,製造業PMI(季調值),PMI0001,(%),61.5
2026-08,55,製造業PMI(季調值),PMI0001,(%),62.5
2026-09,55,製造業PMI(季調值),PMI0001,(%),63.4
2012-07,65,進口原物料數量,PMI0011,(%),47.4
2012-08,65,進口原物料數量,PMI0011,(%),45.5
2012-09,65,進口原物料數量,PMI0011,(%),45.3
2012-10,65,進口原物料數量,PMI0011,(%),44.4
2012-11,65,進口原物料數量,PMI0011,(%),43.9
2012-12,65,進口原物料數量,PMI0011,(%),50.4
2013-01,65,進口原物料數量,PMI0011,(%),57.3
2013-02,65,進口原物料數量,PMI0011,(%),49.6
2013-03,65,進口原物料數量,PMI0011,(%),62.5
2013-04,65,進口原物料數量,PMI0011,(%),56.4
2013-05,65,進口原物料數量,PMI0011,(%),52.3
2013-06,65,進口原物料數量,PMI0011,(%),48
2013-07,65,進口原物料數量,PMI0011,(%),47.7
2013-08,65,進口原物料數量,PMI0011,(%),46.5
2013-09,65,進口原物料數量,PMI0011,(%),52.2
2013-10,65,進口原物料數量,PMI0011,(%),47.6
2013-11,65,進口原物料數量,PMI0011,(%),48.2
2013-12,65,進口原物料數量,PMI0011,(%),51.3
2014-01,65,進口原物料數量,PMI0011,(%),53
2014-02,65,進口原物料數量,PMI0011,(%),49.9
2014-03,65,進口原物料數量,PMI0011,(%),61.2
2014-04,65,進口原物料數量,PMI0011,(%),60.4
2014-05,65,進口原物料數量,PMI0011,(%),58.4
2014-06,65,進口原物料數量,PMI0011,(%),57.6
2014-07,65,進口原物料數量,PMI0011,(%),58.9
2014-08,65,進口原物料數量,PMI0011,(%),56.9
2014-09,65,進口原物料數量,PMI0011,(%),54.1
2014-10,65,進口原物料數量,PMI0011,(%),48.5
2014-11,65,進口原物料數量,PMI0011,(%),49.5
2014-12,65,進口原物料數量,PMI0011,(%),46.8
2015-01,65,進口原物料數量,PMI0011,(%),53.4
2015-02,65,進口原物料數量,PMI0011,(%),49.8
2015-03,65,進口原物料數量,PMI0011,(%),56.2
2015-04,65,進口原物料數量,PMI0011,(%),54.5
2015-05,65,進口原物料數量,PMI0011,(%),47.5
2015-06,65,進口原物料數量,PMI0011,(%),48
2015-07,65,進口原物料數量,PMI0011,(%),44.6
2015-08,65,進口原物料數量,PMI0011,(%),39.9
2015-09,65,進口原物料數量,PMI0011,(%),42.2
2015-10,65,進口原物料數量,PMI0011,(%),40.7
2015-11,65,進口原物料數量,PMI0011,(%),43.9
2015-12,65,進口原物料數量,PMI0011,(%),41.6
2016-01,65,進口原物料數量,PMI0011,(%),48.8
2016-02,65,進口原物料數量,PMI0011,(%),40.3
2016-03,65,進口原物料數量,PMI0011,(%),55
2016-04,65,進口原物料數量,PMI0011,(%),51.7
2016-05,65,進口原物料數量,PMI0011,(%),54.5
2016-06,65,進口原物料數量,PMI0011,(%),51.4
2016-07,65,進口原物料數量,PMI0011,(%),54
2016-08,65,進口原物料數量,PMI0011,(%),51.8
2016-09,65,進口原物料數量,PMI0011,(%),56.6
2016-10,65,進口原物料數量,PMI0011,(%),54.7
2016-11,65,進口原物料數量,PMI0011,(%),54.3
2016-12,65,進口原物料數量,PMI0011,(%),55.4
2017-01,65,進口原物料數量,PMI0011,(%),55.3
2017-02,65,進口原物料數量,PMI0011,(%),56.8
2017-03,65,進口原物料數量,PMI0011,(%),62.8
2017-04,65,進口原物料數量,PMI0011,(%),61.5
2017-05,65,進口原物料數量,PMI0011,(%),58.2
2017-06,65,進口原物料數量,PMI0011,(%),55.2
2017-07,65,進口原物料數量,PMI0011,(%),56.8
2017-08,65,進口原物料數量,PMI0011,(%),57.8
2017-09,65,進口原物料數量,PMI0011,(%),58.5
2017-10,65,進口原物料數量,PMI0011,(%),58.7
2017-11,65,進口原物料數量,PMI0011,(%),55.9
2017-12,65,進口原物料數量,PMI0011,(%),54.6
2018-01,65,進口原物料數量,PMI0011,(%),57.7
2018-02,65,進口原物料數量,PMI0011,(%),51.2
2018-03,65,進口原物料數量,PMI0011,(%),59.7
2018-04,65,進口原物料數量,PMI0011,(%),58.4
2018-05,65,進口原物料數量,PMI0011,(%),55.7
2018-06,65,進口原物料數量,PMI0011,(%),58.9
2018-07,65,進口原物料數量,PMI0011,(%),57.2
2018-08,65,進口原物料數量,PMI0011,(%),56
2018-09,65,進口原物料數量,PMI0011,(%),48.7
2018-10,65,進口原物料數量,PMI0011,(%),47
2018-11,65,進口原物料數量,PMI0011,(%),41.4
2018-12,65,進口原物料數量,PMI0011,(%),39
2019-01,65,進口原物料數量,PMI0011,(%),43
2019-02,65,進口原物料數量,PMI0011,(%),39.7
2019-03,65,進口原物料數量,PMI0011,(%),51.7
2019-04,65,進口原物料數量,PMI0011,(%),53.8
2019-05,65,進口原物料數量,PMI0011,(%),48.4
2019-06,65,進口原物料數量,PMI0011,(%),45.7
2019-07,65,進口原物料數量,PMI0011,(%),47.5
2019-08,65,進口原物料數量,PMI0011,(%),48
2019-09,65,進口原物料數量,PMI0011,(%),47.3
2019-10,65,進口原物料數量,PMI0011,(%),48.2
2019-11,65,進口原物料數量,PMI0011,(%),50.5
2019-12,65,進口原物料數量,PMI0011,(%),52.6
2020-01,65,進口原物料數量,PMI0011,(%),50.8
2020-02,65,進口原物料數量,PMI0011,(%),39.4
2020-03,65,進口原物料數量,PMI0011,(%),48.3
2020-04,65,進口原物料數量,PMI0011,(%),43.7
2020-05,65,進口原物料數量,PMI0011,(%),41
2020-06,65,進口原物料數量,PMI0011,(%),44.2
2020-07,65,進口原物料數量,PMI0011,(%),50.7
2020-08,65,進口原物料數量,PMI0011,(%),54.5
2020-09,65,進口原物料數量,PMI0011,(%),55.7
2020-10,65,進口原物料數量,PMI0011,(%),55.3
2020-11,65,進口原物料數量,PMI0011,(%),56.3
2020-12,65,進口原物料數量,PMI0011,(%),58.2
2021-01,65,進口原物料數量,PMI0011,(%),62.1
2021-02,65,進口原物料數量,PMI0011,(%),58.9
2021-03,65,進口原物料數量,PMI0011,(%),66.6
2021-04,65,進口原物料數量,PMI0011,(%),68.1
2021-05,65,進口原物料數量,PMI0011,(%),66.2
2021-06,65,進口原物料數量,PMI0011,(%),61.1
2021-07,65,進口原物料數量,PMI0011,(%),62.1
2021-08,65,進口原物料數量,PMI0011,(%),58.2
2021-09,65,進口原物料數量,PMI0011,(%),57.1
2021-10,65,進口原物料數量,PMI0011,(%),56.5
2021-11,65,進口原物料數量,PMI0011,(%),58.3
2021-12,65,進口原物料數量,PMI0011,(%),53.1
2022-01,65,進口原物料數量,PMI0011,(%),57.8
2022-02,65,進口原物料數量,PMI0011,(%),53.1
2022-03,65,進口原物料數量,PMI0011,(%),61.9
2022-04,65,進口原物料數量,PMI0011,(%),56.1
2022-05,65,進口原物料數量,PMI0011,(%),51
2022-06,65,進口原物料數量,PMI0011,(%),49.3
2022-07,65,進口原物料數量,PMI0011,(%),43.1
2022-08,65,進口原物料數量,PMI0011,(%),39.6
2022-09,65,進口原物料數量,PMI0011,(%),37.6
2022-10,65,進口原物料數量,PMI0011,(%),34.9
2022-11,65,進口原物料數量,PMI0011,(%),35
2022-12,65,進口原物料數量,PMI0011,(%),36.9
2023-01,65,進口原物料數量,PMI0011,(%),35.5
2023-02,65,進口原物料數量,PMI0011,(%),44.2
2023-03,65,進口原物料數量,PMI0011,(%),45
2023-04,65,進口原物料數量,PMI0011,(%),41.3
2023-05,65,進口原物料數量,PMI0011,(%),40.2
2023-06,65,進口原物料數量,PMI0011,(%),43.3
2023-07,65,進口原物料數量,PMI0011,(%),42.6
2023-08,65,進口原物料數量,PMI0011,(%),41.3
2023-09,65,進口原物料數量,PMI0011,(%),44.6
2023-10,65,進口原物料數量,PMI0011,(%),43.2
2023-11,65,進口原物料數量,PMI0011,(%),42.3
2023-12,65,進口原物料數量,PMI0011,(%),45.1
2024-01,65,進口原物料數量,PMI0011,(%),47.9
2024-02,65,進口原物料數量,PMI0011,(%),41.6
2024-03,65,進口原物料數量,PMI0011,(%),53.2
2024-04,65,進口原物料數量,PMI0011,(%),51.1
2024-05,65,進口原物料數量,PMI0011,(%),54.7
2024-06,65,進口原物料數量,PMI0011,(%),52.6
2024-07,65,進口原物料數量,PMI0011,(%),49.4
2024-08,65,進口原物料數量,PMI0011,(%),50
2024-09,65,進口原物料數量,PMI0011,(%),47.5
2024-10,65,進口原物料數量,PMI0011,(%),48
2024-11,65,進口原物料數量,PMI0011,(%),48.4
2024-12,65,進口原物料數量,PMI0011,(%),51.8
2025-01,65,進口原物料數量,PMI0011,(%),47.2
2025-02,65,進口原物料數量,PMI0011,(%),52.4
2025-03,65,進口原物料數量,PMI0011,(%),55.6
2025-04,65,進口原物料數量,PMI0011,(%),48.1
2025-05,65,進口原物料數量,PMI0011,(%),48.6
2025-06,65,進口原物料數量,PMI0011,(%),47.8
2025-07,65,進口原物料數量,PMI0011,(%),44.2
2025-08,65,進口原物料數量,PMI0011,(%),44.6
2025-09,65,進口原物料數量,PMI0011,(%),47
2025-10,65,進口原物料數量,PMI0011,(%),47.2
2025-11,65,進口原物料數量,PMI0011,(%),49.2
2025-12,65,進口原物料數量,PMI0011,(%),52.5
2026-01,65,進口原物料數量,PMI0011,(%),53.3
2026-02,65,進口原物料數量,PMI0011,(%),51.7
2026-03,65,進口原物料數量,PMI0011,(%),62.7
2026-04,65,進口原物料數量,PMI0011,(%),62.6
2026-05,65,進口原物料數量,PMI0011,(%),63.3
2026-06,65,進口原物料數量,PMI0011,(%),65
2026-07,65,進口原物料數量,PMI0011,(%),59.2
2026-08,65,進口原物料數量,PMI0011,(%),60.4
2026-09,65,進口原物料數量,PMI0011,(%),57.8
