date,net_oi_value_k
2024-01-02,-24522848
2024-01-03,-67672276
2024-01-04,-52893346
2024-01-05,-47650860
2024-01-08,-41270949
2024-01-09,-62162000
2024-01-10,-71464040
2024-01-11,-61880788
2024-01-12,-72043979
2024-01-15,-54606009
2024-01-16,-64555353
2024-01-17,-63250790
2024-01-18,-55632912
2024-01-19,7022339
2024-01-22,-5951448
2024-01-23,12280927
2024-01-24,11982877
2024-01-25,30010120
2024-01-26,31015334
2024-01-29,35716695
2024-01-30,18397126
2024-01-31,-2480995
2024-02-01,-5595013
2024-02-02,-9397974
2024-02-05,-5159109
2024-02-15,10615273
2024-02-16,-7133952
2024-02-19,6815297
2024-02-20,29836483
2024-02-21,1358970
2024-02-22,7857848
2024-02-23,10915456
2024-02-26,21092077
2024-02-27,7354193
2024-02-29,16605997
2024-03-01,-1169433
2024-03-04,33364429
2024-03-05,26033485
2024-03-06,34387350
2024-03-07,25725296
2024-03-08,-1449356
2024-03-11,-19870935
2024-03-12,-15198915
2024-03-13,-19214251
2024-03-14,-17422079
2024-03-15,-34852782
2024-03-18,-26520861
2024-03-19,-28857871
2024-03-20,-25191744
2024-03-21,22745495
2024-03-22,-24634207
2024-03-25,-25565727
2024-03-26,-34802261
2024-03-27,-19648148
2024-03-28,-29027732
2024-03-29,-2484043
2024-04-01,-12468503
2024-04-02,27311233
2024-04-03,-25496690
2024-04-08,-12097647
2024-04-09,37926951
2024-04-10,6209126
2024-04-11,-41428299
2024-04-12,-32525718
2024-04-15,-64891419
2024-04-16,-68922434
2024-04-17,-51206153
2024-04-18,-34216952
2024-04-19,-63102549
2024-04-22,-49553573
2024-04-23,-33971005
2024-04-24,-19543229
2024-04-25,-49031801
2024-04-26,-20160071
2024-04-29,-13916607
2024-04-30,-15762236
2024-05-02,-35751909
2024-05-03,-40402698
2024-05-06,-27792793
2024-05-07,-32242720
2024-05-08,-15810277
2024-05-09,-30785663
2024-05-10,-10829389
2024-05-13,-14490672
2024-05-14,1619761
2024-05-15,11130163
2024-05-16,-18415351
2024-05-17,-28779441
2024-05-20,-30480932
2024-05-21,-28907338
2024-05-22,-1282377
2024-05-23,-16425222
2024-05-24,-18439281
2024-05-27,-15510502
2024-05-28,-18110952
2024-05-29,-53383579
2024-05-30,-50114178
2024-05-31,-47290083
2024-06-03,-46986304
2024-06-04,-70264476
2024-06-05,-59654766
2024-06-06,-30029021
2024-06-07,-31625016
2024-06-11,-52344481
2024-06-12,-19433151
2024-06-13,-30233443
2024-06-14,-29866150
2024-06-17,-37720508
2024-06-18,-32760991
2024-06-19,-18527604
2024-06-20,-46397910
2024-06-21,-66176291
2024-06-24,-74767661
2024-06-25,-72820947
2024-06-26,-79239527
2024-06-27,-72764997
2024-06-28,-77430845
2024-07-01,-73679219
2024-07-02,-71187040
2024-07-03,-56287686
2024-07-04,-56673265
2024-07-05,-70070673
2024-07-08,-63636806
2024-07-09,-85610472
2024-07-10,-74953665
2024-07-11,-82205385
2024-07-12,-104262930
2024-07-15,-92860470
2024-07-16,-92954516
2024-07-17,-98448968
2024-07-18,-133650315
2024-07-19,-100030893
2024-07-22,-111672750
2024-07-23,-74226361
2024-07-26,-95538251
2024-07-29,-92712101
2024-07-30,-106797469
2024-07-31,-98727027
2024-08-01,-112798382
2024-08-02,-121135420
2024-08-05,-69070700
2024-08-06,-52607775
2024-08-07,-46751683
2024-08-08,-48707604
2024-08-09,-40127473
2024-08-12,-56653012
2024-08-13,-62439261
2024-08-14,-47894843
2024-08-15,-54534354
2024-08-16,-62315554
2024-08-19,-62713469
2024-08-20,-65231765
2024-08-21,-67810872
2024-08-22,-52622685
2024-08-23,-52392686
2024-08-26,-60548066
2024-08-27,-65452305
2024-08-28,-58419191
2024-08-29,-70605750
2024-08-30,-80473555
2024-09-02,-87713510
2024-09-03,-75274727
2024-09-04,-42894075
2024-09-05,-22923955
2024-09-06,-31360512
2024-09-09,-25729387
2024-09-10,-21061106
2024-09-11,-22605984
2024-09-12,-26019474
2024-09-13,-31760270
2024-09-16,-38667741
2024-09-18,-32087677
2024-09-19,-24732249
2024-09-20,-40746205
2024-09-23,-61472387
2024-09-24,-36404551
2024-09-25,-48907893
2024-09-26,-63012824
2024-09-27,-64943987
2024-09-30,-70066612
2024-10-01,-76270094
2024-10-04,-63805422
2024-10-07,-82360624
2024-10-08,-76465104
2024-10-09,-74044393
2024-10-11,-76730517
2024-10-14,-64142107
2024-10-15,-69048444
2024-10-16,-64348921
2024-10-17,-76429503
2024-10-18,-56821203
2024-10-21,-84704969
2024-10-22,-79362954
2024-10-23,-88210443
2024-10-24,-82955358
2024-10-25,-86999980
2024-10-28,-100055335
2024-10-29,-95926971
2024-10-30,-85252467
2024-11-01,-81056480
2024-11-04,-74504171
2024-11-05,-83563943
2024-11-06,-93325216
2024-11-07,-96154603
2024-11-08,-86043349
2024-11-11,-125274376
2024-11-12,-112494391
2024-11-13,-85966382
2024-11-14,-93888676
2024-11-15,-87504333
2024-11-18,-93061960
2024-11-19,-81193144
2024-11-20,-93101242
2024-11-21,-100902093
2024-11-22,-71550776
2024-11-25,-117950322
2024-11-26,-127041020
2024-11-27,-108579893
2024-11-28,-110167092
2024-11-29,-97325816
2024-12-02,-64872367
2024-12-03,-68067944
2024-12-04,-68093665
2024-12-05,-67484954
2024-12-06,-60347965
2024-12-09,-69551772
2024-12-10,-68239818
2024-12-11,-80191103
2024-12-12,-74759915
2024-12-13,-84869961
2024-12-16,-81419949
2024-12-17,-77167012
2024-12-18,-54249367
2024-12-19,-76749479
2024-12-20,-70843171
2024-12-23,-47866527
2024-12-24,-63368719
2024-12-25,-63276118
2024-12-26,-74193273
2024-12-27,-61597614
2024-12-30,-78937402
2024-12-31,-85511663
2025-01-02,-91962289
2025-01-03,-72797364
2025-01-06,-34496026
2025-01-07,-28147483
2025-01-08,-72200499
2025-01-09,-91202400
2025-01-10,-95316850
2025-01-13,-99724569
2025-01-14,-88439628
2025-01-15,-73295525
2025-01-16,-65547905
2025-01-17,-51442413
2025-01-20,-62624835
2025-01-21,-56085302
2025-01-22,-42137574
2025-02-03,-70054983
2025-02-04,-54630118
2025-02-05,-46544407
2025-02-06,-44615013
2025-02-07,-40416814
2025-02-10,-44765679
2025-02-11,-44802624
2025-02-12,-38135877
2025-02-13,-39548620
2025-02-14,-63427628
2025-02-17,-33542480
2025-02-18,-30698184
2025-02-19,-24670682
2025-02-20,-23246321
2025-02-21,-17825958
2025-02-24,-52713875
2025-02-25,-71668585
2025-02-26,-65559242
2025-02-27,-72044243
2025-03-03,-106915633
2025-03-04,-89087503
2025-03-05,-75550858
2025-03-06,-76622606
2025-03-07,-79023006
2025-03-10,-78387672
2025-03-11,-84361539
2025-03-12,-68547918
2025-03-13,-61179510
2025-03-14,-57769976
2025-03-17,-52035738
2025-03-18,-52409956
2025-03-19,-47445415
2025-03-20,-27883343
2025-03-21,-44723747
2025-03-24,-48742632
2025-03-25,-30673192
2025-03-26,-33832024
2025-03-27,-58688126
2025-03-28,-60261200
2025-03-31,-25534444
2025-04-01,-13247625
2025-04-02,8270266
2025-04-07,-1428506
2025-04-08,-15869447
2025-04-09,-7550353
2025-04-10,22121402
2025-04-11,29739593
2025-04-14,24237618
2025-04-15,41012765
2025-04-16,11758153
2025-04-17,14934971
2025-04-18,15976595
2025-04-21,19738869
2025-04-22,5327712
2025-04-23,28204982
2025-04-24,25511692
2025-04-25,42845768
2025-04-28,36945974
2025-04-29,39146499
2025-04-30,49759490
2025-05-02,56903185
2025-05-05,33615345
2025-05-06,25783025
2025-05-07,29812791
2025-05-08,40131810
2025-05-09,31518314
2025-05-12,17912479
2025-05-13,21407902
2025-05-14,32238968
2025-05-15,26850814
2025-05-16,28266253
2025-05-19,14462700
2025-05-20,16865676
2025-05-21,23538751
2025-05-22,3717864
2025-05-23,3925787
2025-05-26,1383085
2025-05-27,-9473260
2025-05-28,-4199269
2025-05-29,-26874725
2025-06-02,-27476125
2025-06-03,-909997
2025-06-04,20011106
2025-06-05,22446046
2025-06-06,8142212
2025-06-09,9805026
2025-06-10,17857621
2025-06-11,26903383
2025-06-12,10908090
2025-06-13,-192343
2025-06-16,-3010920
2025-06-17,2884162
2025-06-18,-6119668
2025-06-19,-18198613
2025-06-20,-11618306
2025-06-23,-2688012
2025-06-24,7913049
2025-06-25,4664125
2025-06-26,-3605731
2025-06-27,-2519142
2025-06-30,9637063
2025-07-01,9099859
2025-07-02,3410009
2025-07-03,25939718
2025-07-04,-1828795
2025-07-07,-12649030
2025-07-08,-9422421
2025-07-09,-7233044
2025-07-10,4302203
2025-07-11,9533362
2025-07-14,-9846369
2025-07-15,16726755
2025-07-16,23471324
2025-07-17,19739312
2025-07-18,10238728
2025-07-21,9471253
2025-07-22,614228
2025-07-23,-9977367
2025-07-24,-9854627
2025-07-25,-16947859
2025-07-28,-8746213
2025-07-29,-11662430
2025-07-30,5246077
2025-07-31,18997718
2025-08-01,-11756005
2025-08-04,-5054401
2025-08-05,20537963
2025-08-06,5505814
2025-08-07,24838867
2025-08-08,1511736
2025-08-11,8858283
2025-08-12,10383446
2025-08-13,16843512
2025-08-14,6446013
2025-08-15,-7493781
2025-08-18,19059182
2025-08-19,-4416553
2025-08-20,-39410638
2025-08-21,-9148558
2025-08-22,3471801
2025-08-25,15228968
2025-08-26,3357350
2025-08-27,15777472
2025-08-28,6742037
2025-08-29,3980100
2025-09-01,-8694051
2025-09-02,-1201335
2025-09-03,-244845
2025-09-04,6904392
2025-09-05,28688102
2025-09-08,25774920
2025-09-09,41311319
2025-09-10,50721705
2025-09-11,50962544
2025-09-12,45618459
2025-09-15,32910069
2025-09-16,41239988
2025-09-17,14274708
2025-09-18,23085161
2025-09-19,18865294
2025-09-22,23005915
2025-09-23,33550571
2025-09-24,4435629
2025-09-25,-837041
2025-09-26,-26550650
2025-09-30,-4764949
2025-10-01,-5211384
2025-10-02,943847
2025-10-03,15597693
2025-10-07,-5037974
2025-10-08,-45270162
2025-10-09,-32224025
2025-10-13,-54063723
2025-10-14,-34750397
2025-10-15,5157020
2025-10-16,701286
2025-10-17,-18627094
2025-10-20,-9957247
2025-10-21,214925
2025-10-22,-31384076
2025-10-23,-24414324
2025-10-27,-20771588
2025-10-28,-44261364
2025-10-29,-15785759
2025-10-30,-19663725
2025-10-31,-11421846
2025-11-03,-31186309
2025-11-04,-36051374
2025-11-05,-58858004
2025-11-06,-51278618
2025-11-07,-60239209
2025-11-10,-53599457
2025-11-11,-60988295
2025-11-12,-48767692
2025-11-13,-53527622
2025-11-14,-71774375
2025-11-17,-53658685
2025-11-18,-65707966
2025-11-19,-60697992
2025-11-20,-13959018
2025-11-21,-73713195
2025-11-24,-58884376
2025-11-25,-52155352
2025-11-26,-39286620
2025-11-27,-29822877
2025-11-28,-20120388
2025-12-01,-42880142
2025-12-02,-41036085
2025-12-03,-41724156
2025-12-04,-42823700
2025-12-05,-24358196
2025-12-08,-26112112
2025-12-09,-53711191
2025-12-10,-34816294
2025-12-11,-59077513
2025-12-12,-45675751
2025-12-15,-73216983
2025-12-16,-76804281
2025-12-17,-49476844
2025-12-18,-50700960
2025-12-19,-23087034
2025-12-22,-21180547
2025-12-23,-18355506
2025-12-24,-18934315
2025-12-26,-11466594
2025-12-29,-5518532
2025-12-30,-27530040
2025-12-31,-11091538
2026-01-02,8786055
2026-01-05,-6422078
2026-01-06,-28870671
2026-01-07,-35558791
2026-01-08,-18120399
2026-01-09,-23418967
2026-01-12,-23510543
2026-01-13,-43956367
2026-01-14,-66035859
2026-01-15,-68353359
2026-01-16,-45915313
2026-01-19,-44372787
2026-01-20,-39782269
2026-01-21,-33728072
2026-01-22,-25245963
2026-01-23,-9905957
2026-01-26,-28199391
2026-01-27,-13168065
2026-01-28,-29202303
2026-01-29,-70403616
2026-01-30,-79822030
2026-02-02,-41099880
2026-02-03,-28796694
2026-02-04,-14982429
2026-02-05,-22496353
2026-02-06,-11206519
2026-02-09,-1076565
2026-02-10,-7299723
2026-02-11,-18016701
2026-02-23,-49484906
2026-02-24,-25929810
2026-02-25,-71062666
2026-02-26,-75338435
2026-03-02,-99476078
2026-03-03,-101303880
2026-03-04,-84436247
2026-03-05,-68093319
2026-03-06,-51583569
2026-03-09,-43943682
2026-03-10,-19865325
2026-03-11,-34044879
2026-03-12,-49477682
2026-03-13,-19373427
2026-03-16,-15946667
2026-03-17,-1193421
2026-03-18,-5866178
2026-03-19,-44666648
2026-03-20,-9595466
2026-03-23,-21572547
2026-03-24,14148041
2026-03-25,2107212
2026-03-26,-5621133
2026-03-27,-30610047
2026-03-30,-7833516
2026-03-31,-9942415
2026-04-01,34656587
2026-04-02,565879
2026-04-07,33192750
2026-04-08,25662031
2026-04-09,9080112
2026-04-10,2439771
2026-04-13,-22017665
2026-04-14,-23518417
2026-04-15,-21713454
2026-04-16,-32413423
2026-04-17,-48150894
2026-04-20,-44627739
2026-04-21,-26142642
2026-04-22,-46125317
2026-04-23,-55058416
2026-04-24,-19640692
2026-04-27,-44927708
2026-04-28,-54932180
2026-04-29,-53744717
2026-04-30,-24272006
2026-05-04,1209594
2026-05-05,-46095969
2026-05-06,-70167421
2026-05-07,-61302754
2026-05-08,-87765337
2026-05-11,-79802057
2026-05-12,-84525316
2026-05-13,-77260015
2026-05-14,-70780753
2026-05-15,-86270032
2026-05-18,-48575679
2026-05-19,-64939705
2026-05-20,-39855441
2026-05-21,-30426398
2026-05-22,-39689696
2026-05-25,-79590641
2026-05-26,-118711026
2026-05-27,-107402536
2026-05-28,-120603319
2026-05-29,-129874721
2026-06-01,-161676754
2026-06-02,-179883008
2026-06-03,-153205634
2026-06-04,-184938913
2026-06-05,-166808330
2026-06-08,-93665414
2026-06-09,-57885461
2026-06-10,-54576715
2026-06-11,-69569308
2026-06-12,-73212070
2026-06-15,-100367683
2026-06-16,-148831453
2026-06-17,-126603033
2026-06-18,-109679674
2026-06-22,-101706118
2026-06-23,-187899322
2026-06-24,-223495359
2026-06-25,-196446098
2026-06-26,-137056856
2026-06-29,-124111369
2026-06-30,-159702380
2026-07-01,-168104783
2026-07-02,-173050341
2026-07-03,-128535394
2026-07-06,-123100247
2026-07-07,-114422504
2026-07-08,-116831708
2026-07-09,-91221490
2026-07-13,-92550307
2026-07-14,-102386649
2026-07-15,-70281369
2026-07-16,-114538102
2026-07-17,-112966964
2026-07-20,-71376008
2026-07-21,-40727300
2026-07-22,-24182385
2026-07-23,-17251890
2026-07-24,-47745470
2026-07-27,-66557426
2026-07-28,-94105015
2026-07-29,-87235923
2026-07-30,-57448011
2026-07-31,-20733865
2026-08-03,-76905721
2026-08-04,-46761134
2026-08-05,-33165499
2026-08-06,-60541929
2026-08-07,-51235381
2026-08-10,-66640002
2026-08-11,-63778244
2026-08-12,-48344336
2026-08-13,-56050411
2026-08-14,-54465906
2026-08-17,-60659944
2026-08-18,-72520156
2026-08-19,-69886129
2026-08-20,-73235223
2026-08-21,-70085467
2026-08-24,-74600887
2026-08-25,-83067173
2026-08-26,-58078069
2026-08-27,-83914942
2026-08-28,-65335019
2026-08-31,-70880519
2026-09-01,-24455311
2026-09-02,-109743790
2026-09-03,-68254998
2026-09-04,-63539567
2026-09-07,-56965117
2026-09-08,-93441206
2026-09-09,-72106782
2026-09-10,-96849792
2026-09-11,-99314095
2026-09-14,-73671256
2026-09-15,-105466145
2026-09-16,-45809047
2026-09-17,-72254462
2026-09-18,-38144651
2026-09-21,-25555337
2026-09-22,-53614831
2026-09-23,-62790879
2026-09-24,-75936169
2026-09-29,-86155250
2026-09-30,-67231155
