date,cap,book,n
2026-06-01,1.215275428e+13,2.645367204e+12,879
2026-06-02,1.200057199e+13,2.639944722e+12,877
2026-06-03,1.219033598e+13,2.646955778e+12,881
2026-06-04,1.199405591e+13,2.642220807e+12,876
2026-06-05,1.175690702e+13,2.640286715e+12,877
2026-06-08,1.125479145e+13,2.639323107e+12,873
2026-06-09,1.158930079e+13,2.643322155e+12,872
2026-06-10,1.106912929e+13,2.638931172e+12,875
2026-06-11,1.111465977e+13,2.649032235e+12,878
2026-06-12,1.144910433e+13,2.643699002e+12,874
2026-06-15,1.171499407e+13,2.641391812e+12,879
2026-06-16,1.173693709e+13,2.644821344e+12,877
2026-06-17,1.182595865e+13,2.644772817e+12,875
2026-06-18,1.219431694e+13,2.639540528e+12,876
2026-06-22,1.23890367e+13,2.649941234e+12,882
2026-06-23,1.199751932e+13,2.638033255e+12,875
2026-06-24,1.20280741e+13,2.6340917e+12,874
2026-06-25,1.199397123e+13,2.638938214e+12,877
2026-06-26,1.131914245e+13,2.641830838e+12,877
2026-06-29,1.123118656e+13,2.640662984e+12,875
2026-06-30,1.165800338e+13,2.644229343e+12,876
2026-07-01,1.175685503e+13,2.649328391e+12,877
2026-07-02,1.19877712e+13,2.637490318e+12,870
2026-07-03,1.218685441e+13,2.654118138e+12,883
2026-07-06,1.202690896e+13,2.652279481e+12,882
2026-07-07,1.144169156e+13,2.647464264e+12,877
2026-07-08,1.149060956e+13,2.642339618e+12,873
2026-07-09,1.160884742e+13,2.641664843e+12,873
2026-08-14,1.09618464e+13,2.885896812e+12,869
2026-08-17,1.090730257e+13,2.897654079e+12,872
2026-08-18,1.067355833e+13,2.882131648e+12,863
2026-08-19,1.051393034e+13,2.882931962e+12,862
2026-08-20,1.063191983e+13,2.88669361e+12,867
2026-08-21,1.058531892e+13,2.898684826e+12,878
2026-08-24,1.049859497e+13,2.849246031e+12,860
2026-08-25,1.059771682e+13,2.851885271e+12,861
2026-08-26,1.079493656e+13,2.8649317e+12,872
2026-08-27,1.091881128e+13,2.873228153e+12,868
2026-08-28,1.097876925e+13,2.87845035e+12,872
2026-08-31,1.095530643e+13,2.864852066e+12,859
2026-09-01,1.119385078e+13,2.868822799e+12,865
2026-09-02,1.106579292e+13,2.863239497e+12,857
2026-09-03,1.076323918e+13,2.872969836e+12,863
2026-09-04,1.098238102e+13,2.872941005e+12,860
2026-09-07,1.119456309e+13,2.883312011e+12,874
2026-09-08,1.111339189e+13,2.872717123e+12,865
2026-09-09,1.111921485e+13,2.869994859e+12,866
2026-09-10,1.105705705e+13,2.868246477e+12,859
2026-09-11,1.076963219e+13,2.866281632e+12,861
2026-09-14,1.077461659e+13,2.876330157e+12,865
2026-09-15,1.062466676e+13,2.872931822e+12,867
2026-09-16,1.09053194e+13,2.875419571e+12,873
2026-09-17,1.086705574e+13,2.871259622e+12,866
2026-09-18,1.127908389e+13,2.874789608e+12,867
2026-09-21,1.128324592e+13,2.876450356e+12,874
2026-09-22,1.151570826e+13,2.88828116e+12,871
2026-09-23,1.147469061e+13,2.878875244e+12,867
2026-09-24,1.145649797e+13,2.884147169e+12,869
2026-09-29,1.140560233e+13,2.873219145e+12,867
